,Date,temp ©,rain (cm)
0,1/1/2015,28,0.1
1,1/2/2015,28,0.4
2,1/3/2015,27,1.1
3,1/4/2015,27,0.4
4,1/5/2015,27,0
5,1/6/2015,25,0
6,1/7/2015,25,0
7,1/8/2015,25,0.1
8,1/9/2015,23,0
9,1/10/2015,23,0
10,1/11/2015,24,0
11,1/12/2015,23,0
12,1/13/2015,24,0
13,1/14/2015,25,0
14,1/15/2015,25,0
15,1/16/2015,26,0
16,1/17/2015,25,0
17,1/18/2015,25,0
18,1/19/2015,26,0
19,1/20/2015,25,0
20,1/21/2015,25,0
21,1/22/2015,25,0
22,1/23/2015,26,0
23,1/24/2015,26,0
24,1/25/2015,26,0
25,1/26/2015,26,0
26,1/27/2015,26,0
27,1/28/2015,26,0
28,1/29/2015,26,0.1
29,1/30/2015,27,0
30,1/31/2015,26,0
31,2/1/2015,26,0.1
32,2/2/2015,26,0.2
33,2/3/2015,26,0
34,2/4/2015,27,0
35,2/5/2015,27,0
36,2/6/2015,27,0
37,2/7/2015,27,0
38,2/8/2015,27,0
39,2/9/2015,27,0
40,2/10/2015,26,0
41,2/11/2015,27,0
42,2/12/2015,28,0
43,2/13/2015,28,0
44,2/14/2015,29,0
45,2/15/2015,29,0
46,2/16/2015,28,0
47,2/17/2015,28,0
48,2/18/2015,29,0
49,2/19/2015,28,0
50,2/20/2015,29,0
51,2/21/2015,29,0
52,2/22/2015,30,0
53,2/23/2015,29,0
54,2/24/2015,29,0
55,2/25/2015,29,0
56,2/26/2015,28,0
57,2/27/2015,29,0
58,2/28/2015,28,0
59,3/1/2015,28,0.3
60,3/2/2015,28,4
61,3/3/2015,30,2.7
62,3/4/2015,30,0.8
63,3/5/2015,31,1
64,3/6/2015,30,0.9
65,3/7/2015,30,0.8
66,3/8/2015,30,0
67,3/9/2015,30,0.3
68,3/10/2015,26,1.6
69,3/11/2015,31,0
70,3/12/2015,31,0
71,3/13/2015,32,0.1
72,3/14/2015,31,1
73,3/15/2015,31,0.1
74,3/16/2015,32,0.1
75,3/17/2015,31,0.2
76,3/18/2015,32,0
77,3/19/2015,28,0
78,3/20/2015,32,0
79,3/21/2015,33,0
80,3/22/2015,34,0
81,3/23/2015,34,0
82,3/24/2015,34,0
83,3/25/2015,32,0
84,3/26/2015,32,0
85,3/27/2015,32,0
86,3/28/2015,32,0
87,3/29/2015,32,0
88,3/30/2015,32,0
89,3/31/2015,32,0.1
90,4/1/2015,32,0
91,4/2/2015,34,0
92,4/3/2015,35,0
93,4/4/2015,36,0
94,4/5/2015,35,0
95,4/6/2015,33,0
96,4/7/2015,33,0
97,4/8/2015,32,0
98,4/9/2015,32,0
99,4/10/2015,33,0
100,4/11/2015,33,0
101,4/12/2015,32,0
102,4/13/2015,34,0
103,4/14/2015,34,0
104,4/15/2015,34,0
105,4/16/2015,33,10.2
106,4/17/2015,34,1.6
107,4/18/2015,36,0
108,4/19/2015,34,0
109,4/20/2015,33,0
110,4/21/2015,33,0
111,4/22/2015,36,0
112,4/23/2015,36,0
113,4/24/2015,34,4.5
114,4/25/2015,34,0.3
115,4/26/2015,33,0.1
116,4/27/2015,34,0
117,4/28/2015,35,0
118,4/29/2015,35,0
119,4/30/2015,37,0
120,5/1/2015,37,0.1
121,5/2/2015,36,0
122,5/3/2015,36,3.3
123,5/4/2015,34,0
124,5/5/2015,34,0
125,5/6/2015,34,0
126,5/7/2015,35,0
127,5/8/2015,37,0
128,5/9/2015,35,0
129,5/10/2015,35,0
130,5/11/2015,35,0.4
131,5/12/2015,36,0
132,5/13/2015,34,0
133,5/14/2015,34,0
134,5/15/2015,35,1
135,5/16/2015,35,1.5
136,5/17/2015,34,9
137,5/18/2015,36,0
138,5/19/2015,39,0
139,5/20/2015,42,0
140,5/21/2015,43,0
141,5/22/2015,43,0
142,5/23/2015,42,0
143,5/24/2015,42,0.1
144,5/25/2015,41,0
145,5/26/2015,42,0.2
146,5/27/2015,43,0.1
147,5/28/2015,42,0.5
148,5/29/2015,41,0
149,5/30/2015,39,0
150,5/31/2015,37,0
151,6/1/2015,36,0.8
152,6/2/2015,36,0.3
153,6/3/2015,37,0
154,6/4/2015,37,0.2
155,6/5/2015,36,0.6
156,6/6/2015,33,0.8
157,6/7/2015,31,3
158,6/8/2015,31,15.7
159,6/9/2015,32,0
160,6/10/2015,37,0
161,6/11/2015,38,0
162,6/12/2015,35,7
163,6/13/2015,34,3
164,6/14/2015,33,2.6
165,6/15/2015,32,0.7
166,6/16/2015,30,2.2
167,6/17/2015,26,59.1
168,6/18/2015,27,8.6
169,6/19/2015,27,5.9
170,6/20/2015,26,20
171,6/21/2015,27,11.4
172,6/22/2015,31,0.4
173,6/23/2015,33,0
174,6/24/2015,34,0
175,6/25/2015,34,0
176,6/26/2015,33,0
177,6/27/2015,34,0.7
178,6/28/2015,35,0.7
179,6/29/2015,34,2.8
180,6/30/2015,35,0
181,7/1/2015,35,0
182,7/2/2015,34,2.5
183,7/3/2015,35,6.3
184,7/4/2015,36,0
185,7/5/2015,37,0
186,7/6/2015,36,0
187,7/7/2015,35,0
188,7/8/2015,36,0.4
189,7/9/2015,36,0
190,7/10/2015,36,2.2
191,7/11/2015,35,0.1
192,7/12/2015,35,0
193,7/13/2015,37,0
194,7/14/2015,36,4.7
195,7/15/2015,34,6.8
196,7/16/2015,34,0.2
197,7/17/2015,35,0
198,7/18/2015,35,0.3
199,7/19/2015,34,0.2
200,7/20/2015,34,0.1
201,7/21/2015,35,0
202,7/22/2015,33,2.6
203,7/23/2015,33,2.1
204,7/24/2015,34,5.9
205,7/25/2015,34,0.5
206,7/26/2015,34,0.1
207,7/27/2015,35,0
208,7/28/2015,35,0
209,7/29/2015,35,0
210,7/30/2015,35,0
211,7/31/2015,34,2.1
212,8/1/2015,34,0
213,8/2/2015,34,2.3
214,8/3/2015,34,0
215,8/4/2015,34,0.8
216,8/5/2015,33,2.3
217,8/6/2015,34,0
218,8/7/2015,34,1.6
219,8/8/2015,33,2.9
220,8/9/2015,33,4.9
221,8/10/2015,33,3.9
222,8/11/2015,32,12.4
223,8/12/2015,29,4.9
224,8/13/2015,30,2
225,8/14/2015,33,4.3
226,8/15/2015,33,4.6
227,8/16/2015,32,1.1
228,8/17/2015,32,3.1
229,8/18/2015,32,0
230,8/19/2015,32,0
231,8/20/2015,34,3.1
232,8/21/2015,30,14.2
233,8/22/2015,30,2.5
234,8/23/2015,32,0.3
235,8/24/2015,32,0
236,8/25/2015,33,1.7
237,8/26/2015,32,1.9
238,8/27/2015,31,2
239,8/28/2015,30,7.2
240,8/29/2015,31,6.7
241,8/30/2015,32,5.6
242,8/31/2015,33,3.3
243,9/1/2015,30,3.2
244,9/2/2015,33,0
245,9/3/2015,33,0
246,9/4/2015,33,0
247,9/5/2015,31,1.1
248,9/6/2015,30,1.4
249,9/7/2015,31,5.4
250,9/8/2015,32,1.7
251,9/9/2015,32,1.3
252,9/10/2015,31,10.5
253,9/11/2015,32,0.5
254,9/12/2015,30,0.3
255,9/13/2015,28,0
256,9/14/2015,29,2.9
257,9/15/2015,28,2.4
258,9/16/2015,31,0.2
259,9/17/2015,30,1.8
260,9/18/2015,31,1.5
261,9/19/2015,31,1.9
262,9/20/2015,30,2.4
263,9/21/2015,32,0
264,9/22/2015,32,0
265,9/23/2015,33,0
266,9/24/2015,33,0.1
267,9/25/2015,33,1.5
268,9/26/2015,33,2.5
269,9/27/2015,32,0
270,9/28/2015,31,0.1
271,9/29/2015,31,1
272,9/30/2015,30,0.7
273,10/1/2015,30,0.1
274,10/2/2015,30,2.5
275,10/3/2015,32,3.7
276,10/4/2015,32,3.6
277,10/5/2015,31,9.3
278,10/6/2015,31,0.8
279,10/7/2015,31,0
280,10/8/2015,31,0
281,10/9/2015,32,0
282,10/10/2015,33,1.2
283,10/11/2015,33,0
284,10/12/2015,32,0
285,10/13/2015,32,0
286,10/14/2015,32,0
287,10/15/2015,32,0.6
288,10/16/2015,30,3
289,10/17/2015,30,0.3
290,10/18/2015,30,3.5
291,10/19/2015,30,0.2
292,10/20/2015,31,0.1
293,10/21/2015,31,0.1
294,10/22/2015,31,0
295,10/23/2015,31,0
296,10/24/2015,29,1.3
297,10/25/2015,29,0.1
298,10/26/2015,29,0
299,10/27/2015,28,0
300,10/28/2015,29,0.1
301,10/29/2015,29,2.7
302,10/30/2015,29,1.8
303,10/31/2015,29,0
304,11/1/2015,28,0
305,11/2/2015,26,6.3
306,11/3/2015,28,0.3
307,11/4/2015,28,1.2
308,11/5/2015,29,0.8
309,11/6/2015,29,0
310,11/7/2015,29,0
311,11/8/2015,29,0
312,11/9/2015,23,7.8
313,11/10/2015,22,15.1
314,11/11/2015,27,0
315,11/12/2015,28,0
316,11/13/2015,27,0
317,11/14/2015,27,0
318,11/15/2015,28,0
319,11/16/2015,22,14.4
320,11/17/2015,21,6.8
321,11/18/2015,26,0.1
322,11/19/2015,26,1.8
323,11/20/2015,26,2.3
324,11/21/2015,27,0.2
325,11/22/2015,28,0
326,11/23/2015,27,0
327,11/24/2015,27,0
328,11/25/2015,27,0.1
329,11/26/2015,27,0
330,11/27/2015,27,0
331,11/28/2015,27,0
332,11/29/2015,27,0
333,11/30/2015,24,3.8
334,12/1/2015,25,1.7
335,12/2/2015,24,1.3
336,12/3/2015,28,0
337,12/4/2015,28,0
338,12/5/2015,27,0
339,12/6/2015,27,0
340,12/7/2015,27,0
341,12/8/2015,26,0
342,12/9/2015,26,0
343,12/10/2015,26,0
344,12/11/2015,27,0
345,12/12/2015,28,0
346,12/13/2015,27,0
347,12/14/2015,27,0
348,12/15/2015,26,0
349,12/16/2015,27,0
350,12/17/2015,27,0
351,12/18/2015,25,0
352,12/19/2015,25,0
353,12/20/2015,25,0
354,12/21/2015,27,0
355,12/22/2015,28,0
356,12/23/2015,27,0
357,12/24/2015,28,0
358,12/25/2015,27,0.2
359,12/26/2015,24,0
360,12/27/2015,25,0
361,12/28/2015,26,0
362,12/29/2015,25,0
363,12/30/2015,27,0
364,12/31/2015,27,0
365,1/1/2016,27,0
366,1/2/2016,27,0
367,1/3/2016,27,0
368,1/4/2016,26,0.1
369,1/5/2016,27,0
370,1/6/2016,27,0
371,1/7/2016,26,0
372,1/8/2016,26,0
373,1/9/2016,27,0
374,1/10/2016,26,0
375,1/11/2016,27,0
376,1/12/2016,27,0
377,1/13/2016,26,0
378,1/14/2016,26,0
379,1/15/2016,26,0
380,1/16/2016,26,0
381,1/17/2016,26,0
382,1/18/2016,26,0
383,1/19/2016,27,0.3
384,1/20/2016,23,0.2
385,1/21/2016,26,1.3
386,1/22/2016,25,1.5
387,1/23/2016,26,0
388,1/24/2016,26,0.1
389,1/25/2016,26,0.1
390,1/26/2016,27,0.1
391,1/27/2016,27,0
392,1/28/2016,28,0
393,1/29/2016,28,0
394,1/30/2016,29,0
395,1/31/2016,30,0
396,2/1/2016,29,0
397,2/2/2016,29,0
398,2/3/2016,28,0
399,2/4/2016,29,0
400,2/5/2016,28,0
401,2/6/2016,28,0
402,2/7/2016,28,0
403,2/8/2016,29,0
404,2/9/2016,29,0
405,2/10/2016,29,0
406,2/11/2016,29,0
407,2/12/2016,29,0
408,2/13/2016,29,0
409,2/14/2016,29,0
410,2/15/2016,29,0
411,2/16/2016,29,0
412,2/17/2016,28,0
413,2/18/2016,29,0
414,2/19/2016,29,0
415,2/20/2016,31,0
416,2/21/2016,31,0
417,2/22/2016,31,0
418,2/23/2016,30,0
419,2/24/2016,29,0
420,2/25/2016,30,0
421,2/26/2016,29,0.1
422,2/27/2016,30,0
423,2/28/2016,30,0
424,2/29/2016,30,0
425,3/1/2016,31,0.1
426,3/2/2016,31,0
427,3/3/2016,31,0
428,3/4/2016,31,0
429,3/5/2016,31,0
430,3/6/2016,30,0
431,3/7/2016,30,0
432,3/8/2016,30,0
433,3/9/2016,31,0
434,3/10/2016,31,0
435,3/11/2016,31,0
436,3/12/2016,31,0
437,3/13/2016,32,0
438,3/14/2016,32,0
439,3/15/2016,31,0
440,3/16/2016,32,0.6
441,3/17/2016,32,0
442,3/18/2016,32,0
443,3/19/2016,33,0
444,3/20/2016,35,0
445,3/21/2016,36,0
446,3/22/2016,36,0
447,3/23/2016,35,0
448,3/24/2016,33,0
449,3/25/2016,32,0
450,3/26/2016,32,0
451,3/27/2016,32,0
452,3/28/2016,31,0
453,3/29/2016,32,0
454,3/30/2016,32,0
455,3/31/2016,33,0
456,4/1/2016,33,0
457,4/2/2016,33,0
458,4/3/2016,33,0
459,4/4/2016,34,0
460,4/5/2016,34,0
461,4/6/2016,34,0
462,4/7/2016,34,0
463,4/8/2016,33,0
464,4/9/2016,33,0
465,4/10/2016,34,0
466,4/11/2016,34,0
467,4/12/2016,34,0
468,4/13/2016,34,0
469,4/14/2016,34,0
470,4/15/2016,34,0
471,4/16/2016,35,1
472,4/17/2016,35,0.2
473,4/18/2016,36,0
474,4/19/2016,36,0
475,4/20/2016,36,0
476,4/21/2016,37,0
477,4/22/2016,38,0
478,4/23/2016,40,0
479,4/24/2016,39,0
480,4/25/2016,37,0
481,4/26/2016,35,0
482,4/27/2016,34,0
483,4/28/2016,36,0
484,4/29/2016,37,0
485,4/30/2016,37,0
486,5/1/2016,37,0
487,5/2/2016,38,0
488,5/3/2016,36,0
489,5/5/2016,35,3
490,5/6/2016,35,0
491,5/7/2016,35,0
492,5/9/2016,35,0
493,5/10/2016,35,0
494,5/11/2016,35,0
495,5/12/2016,36,0
496,5/15/2016,34,0
497,5/17/2016,34,0.9
498,5/18/2016,28,48.1
499,5/19/2016,38,8.1
500,5/21/2016,37,1.8
501,5/22/2016,38,0
502,5/25/2016,40,0.2
503,5/26/2016,40,0
504,5/27/2016,36,0
505,5/28/2016,32,1.3
506,5/29/2016,36,12
507,5/30/2016,36,0.8
508,6/1/2016,39,2.1
509,6/2/2016,36,1.3
510,6/3/2016,37,0.9
511,6/4/2016,34,1.6
512,6/5/2016,35,0.9
513,6/6/2016,34,6.7
514,6/7/2016,32,1.5
515,6/8/2016,32,4.7
516,6/10/2016,35,0
517,6/11/2016,35,0
518,6/12/2016,36,0.1
519,6/14/2016,37,0
520,6/15/2016,37,0
521,6/16/2016,34,0.6
522,6/17/2016,37,0.5
523,6/18/2016,29,8.5
524,6/19/2016,32,0.3
525,6/20/2016,34,0.3
526,6/21/2016,34,0
527,6/22/2016,35,2.9
528,6/23/2016,34,1.4
529,6/25/2016,33,0
530,6/26/2016,30,0.7
531,6/30/2016,29,4.2
532,7/1/2016,29,1.6
533,7/2/2016,32,5
534,7/3/2016,32,0.8
535,7/4/2016,33,1.4
536,7/5/2016,32,0
537,7/6/2016,34,0.2
538,7/7/2016,34,0
539,7/8/2016,33,2.3
540,7/9/2016,33,0.5
541,7/10/2016,33,0
542,7/11/2016,31,0.1
543,7/12/2016,34,0
544,7/13/2016,35,0
545,7/14/2016,35,0
546,7/15/2016,35,0
547,7/18/2016,31,1.9
548,7/19/2016,32,2.8
549,7/20/2016,31,5.5
550,7/21/2016,32,2.3
551,7/23/2016,32,1.5
552,7/24/2016,32,1.4
553,7/26/2016,33,1.1
554,7/27/2016,33,0.8
555,7/28/2016,33,0
556,7/29/2016,33,3.9
557,7/31/2016,30,3.3
558,8/2/2016,29,0
559,8/3/2016,30,4.5
560,8/4/2016,29,0.2
561,8/5/2016,32,0
562,8/6/2016,33,0
563,8/9/2016,34,0.8
564,8/10/2016,33,0
565,8/11/2016,34,2.6
566,8/13/2016,34,3.1
567,8/14/2016,33,1.7
568,8/15/2016,33,0
569,8/16/2016,32,0
570,8/17/2016,32,0
571,8/18/2016,34,0
572,8/19/2016,34,0.2
573,8/20/2016,34,0
574,8/21/2016,34,0
575,8/22/2016,34,0.2
576,8/23/2016,34,0.3
577,8/24/2016,34,4.1
578,8/25/2016,33,2.6
579,8/26/2016,32,9.9
580,8/27/2016,33,0
581,8/28/2016,32,0.8
582,8/29/2016,32,10.1
583,8/30/2016,30,3.9
584,8/31/2016,32,11.1
585,9/2/2016,32,4.5
586,9/3/2016,31,3.7
587,9/4/2016,30,1.7
588,9/5/2016,31,0.8
589,9/6/2016,32,0
590,9/7/2016,31,0
591,9/8/2016,32,0.1
592,9/9/2016,31,2.6
593,9/10/2016,30,0.3
594,9/11/2016,30,1.2
595,9/12/2016,29,1.6
596,9/13/2016,28,1.7
597,9/14/2016,29,6.5
598,9/16/2016,30,2.2
599,9/17/2016,31,2
600,9/18/2016,31,1.6
601,9/19/2016,31,2
602,9/20/2016,30,1.4
603,9/21/2016,28,3.7
604,9/22/2016,27,3.6
605,9/23/2016,28,4.3
606,9/24/2016,29,14.2
607,9/25/2016,29,8.3
608,9/26/2016,29,8.1
609,9/27/2016,30,2.4
610,9/28/2016,30,4.1
611,9/29/2016,31,0.1
612,9/30/2016,31,1.9
613,10/1/2016,29,2.7
614,10/2/2016,30,0.1
615,10/3/2016,30,1.1
616,10/4/2016,30,0.7
617,10/5/2016,30,1
618,10/6/2016,30,1.2
619,10/7/2016,30,2.6
620,10/8/2016,29,0.2
621,10/9/2016,29,2.9
622,10/10/2016,30,3.3
623,10/11/2016,31,0.1
624,10/12/2016,31,0
625,10/13/2016,30,0
626,10/14/2016,29,0
627,10/15/2016,28,0
628,10/16/2016,28,0
629,10/17/2016,28,0
630,10/18/2016,30,0
631,10/19/2016,28,0
632,10/20/2016,27,0
633,10/21/2016,27,0
634,10/22/2016,27,0
635,10/23/2016,27,0
636,10/24/2016,28,0
637,10/25/2016,29,0
638,10/26/2016,28,0
639,10/27/2016,28,0
640,10/28/2016,27,2.8
641,10/29/2016,28,3.1
642,10/30/2016,28,1.1
643,10/31/2016,28,5.4
644,11/1/2016,28,0.2
645,11/2/2016,28,0.1
646,11/3/2016,29,0
647,11/4/2016,29,0
648,11/5/2016,29,0.1
649,11/6/2016,29,0.1
650,11/7/2016,27,0
651,11/8/2016,25,0
652,11/9/2016,25,0
653,11/10/2016,25,0
654,11/11/2016,25,0
655,11/12/2016,26,0
656,11/13/2016,27,0.1
657,11/14/2016,27,2.8
658,11/15/2016,27,2.7
659,11/16/2016,28,0.6
660,11/17/2016,27,0.2
661,11/19/2016,25,0
662,11/20/2016,25,0
663,11/21/2016,25,0
664,11/22/2016,25,0
665,11/23/2016,26,0
666,11/24/2016,25,0
667,11/25/2016,25,0
668,11/26/2016,25,0
669,11/27/2016,26,0
670,11/28/2016,25,0
671,11/29/2016,26,0
672,11/30/2016,25,0
673,12/1/2016,27,0
674,12/2/2016,27,1.1
675,12/3/2016,28,0.3
676,12/4/2016,28,0.3
677,12/5/2016,27,0.1
678,12/6/2016,25,0
679,12/7/2016,25,0
680,12/8/2016,25,0
681,12/9/2016,24,0
682,12/10/2016,25,0
683,12/11/2016,26,0
684,12/12/2016,27,1.3
685,12/13/2016,27,2.4
686,12/14/2016,26,3.3
687,12/15/2016,27,0
688,12/16/2016,27,0.1
689,12/17/2016,27,0
690,12/18/2016,25,0
691,12/19/2016,25,0
692,12/20/2016,24,0
693,12/21/2016,24,0
694,12/22/2016,24,0
695,12/23/2016,24,0
696,12/24/2016,25,0
697,12/25/2016,25,0
698,12/26/2016,25,0
699,12/27/2016,26,0
700,12/28/2016,26,0
701,12/29/2016,26,0
702,12/30/2016,25,0.1
703,12/31/2016,26,0
704,1/1/2017,26,0
705,1/2/2017,26,0
706,1/3/2017,26,0
707,1/4/2017,26,0
708,1/5/2017,25,0
709,1/6/2017,26,0
710,1/7/2017,26,0
711,1/8/2017,26,0
712,1/9/2017,26,0
713,1/10/2017,27,0
714,1/11/2017,27,0.2
715,1/12/2017,26,0.1
716,1/13/2017,26,0.2
717,1/14/2017,26,0
718,1/15/2017,26,0
719,1/16/2017,26,0
720,1/17/2017,26,0
721,1/18/2017,26,0
722,1/19/2017,26,0
723,1/20/2017,27,0
724,1/21/2017,28,0
725,1/22/2017,28,0
726,1/23/2017,28,0
727,1/24/2017,27,0
728,1/25/2017,27,0
729,1/26/2017,26,0.1
730,1/27/2017,28,0
731,1/28/2017,28,0
732,1/29/2017,28,0
733,1/30/2017,28,0
734,1/31/2017,27,0
735,2/1/2017,27,0
736,2/2/2017,27,0
737,2/3/2017,28,0
738,2/4/2017,28,0
739,2/5/2017,27,0
740,2/6/2017,28,0
741,2/7/2017,29,0
742,2/8/2017,29,0
743,2/9/2017,28,0
744,2/10/2017,27,0
745,2/11/2017,27,0
746,2/12/2017,27,0
747,2/13/2017,27,0
748,2/14/2017,28,0
749,2/15/2017,28,0
750,2/16/2017,28,0
751,2/17/2017,28,0
752,2/18/2017,29,0
753,2/19/2017,31,0
754,2/20/2017,32,0
755,2/21/2017,31,0
756,2/22/2017,30,0
757,2/23/2017,30,0
758,2/24/2017,31,0
759,2/25/2017,30,0
760,2/26/2017,30,0
761,2/27/2017,29,0
762,2/28/2017,30,0
763,3/1/2017,30,0
764,3/2/2017,30,0
765,3/3/2017,29,0
766,3/4/2017,30,0
767,3/5/2017,31,0
768,3/6/2017,30,0
769,3/7/2017,31,0.5
770,3/8/2017,31,0.3
771,3/9/2017,31,0.3
772,3/10/2017,31,4.3
773,3/11/2017,33,0
774,3/14/2017,31,0.2
775,3/15/2017,30,0.6
776,3/16/2017,31,0
777,3/17/2017,32,0
778,3/18/2017,32,0
779,3/19/2017,32,0
780,3/20/2017,33,0
781,3/21/2017,32,0
782,3/22/2017,32,0
783,3/23/2017,32,0
784,3/24/2017,32,0
785,3/25/2017,33,0
786,3/26/2017,32,0
787,3/27/2017,32,0
788,3/28/2017,32,0
789,3/29/2017,33,0
790,3/30/2017,33,0
791,3/31/2017,33,0
792,4/1/2017,34,0
793,4/2/2017,34,0
794,4/3/2017,34,0
795,4/6/2017,34,0
796,4/7/2017,36,0
797,4/8/2017,35,0
798,4/9/2017,34,0
799,4/10/2017,35,0
800,4/11/2017,35,0
801,4/14/2017,33,0.1
802,4/16/2017,36,0
803,4/18/2017,36,0
804,4/21/2017,37,0
805,4/22/2017,38,0
806,4/26/2017,37,0
807,4/27/2017,36,0
808,4/30/2017,37,0.3
809,5/1/2017,34,5.8
810,5/2/2017,34,0
811,5/3/2017,34,0
812,5/4/2017,34,0
813,5/5/2017,35,0
814,5/6/2017,35,0
815,5/7/2017,35,0
816,5/8/2017,38,0
817,5/9/2017,36,0
818,5/10/2017,36,0.4
819,5/11/2017,35,0
820,5/12/2017,34,0
821,5/13/2017,36,0
822,5/14/2017,38,0.1
823,5/15/2017,40,0
824,5/16/2017,42,0.2
825,5/17/2017,43,0
826,5/18/2017,42,0
827,5/19/2017,41,0.6
828,5/20/2017,41,0
829,5/21/2017,40,0.1
830,5/22/2017,40,0.1
831,5/23/2017,40,0
832,5/24/2017,39,0
833,5/25/2017,38,0
834,5/26/2017,40,0.1
835,5/27/2017,37,1.6
836,5/28/2017,39,0.6
837,5/29/2017,40,1.4
838,5/30/2017,39,0.1
839,5/31/2017,39,0.3
840,6/1/2017,38,0
841,6/2/2017,37,0
842,6/3/2017,38,0
843,6/4/2017,38,0.3
844,6/5/2017,40,0.9
845,6/6/2017,38,3.3
846,6/7/2017,34,4
847,6/8/2017,30,5.8
848,6/9/2017,34,0
849,6/10/2017,34,0.6
850,6/11/2017,33,0
851,6/12/2017,33,4.3
852,6/13/2017,33,7.8
853,6/14/2017,33,8.6
854,6/15/2017,28,17.2
855,6/16/2017,28,3.1
856,6/17/2017,32,6.1
857,6/18/2017,33,10.7
858,6/19/2017,33,0.1
859,6/20/2017,33,3.8
860,6/21/2017,35,0.7
861,6/22/2017,35,0.1
862,6/23/2017,34,2.4
863,6/24/2017,34,3.1
864,6/25/2017,33,1.4
865,6/26/2017,31,1.4
866,6/27/2017,32,2.4
867,6/28/2017,29,1.6
868,6/29/2017,34,0
869,6/30/2017,34,0
870,7/1/2017,33,0.2
871,7/2/2017,34,0.1
872,7/3/2017,35,0.1
873,7/4/2017,35,0
874,7/5/2017,36,0.2
875,7/6/2017,34,0.9
876,7/7/2017,34,9.2
877,7/8/2017,32,2.2
878,7/9/2017,34,1.5
879,7/10/2017,35,0.1
880,7/11/2017,34,0.2
881,7/12/2017,34,0
882,7/13/2017,34,0.4
883,7/14/2017,31,1.7
884,7/15/2017,32,0
885,7/16/2017,32,0.4
886,7/17/2017,31,0.4
887,7/18/2017,26,9.6
888,7/19/2017,31,3.6
889,7/20/2017,34,0
890,7/21/2017,35,0
891,7/22/2017,36,0
892,7/23/2017,36,0
893,7/24/2017,35,0
894,7/25/2017,36,0
895,7/26/2017,36,0
896,7/27/2017,36,0
897,7/28/2017,35,0
898,7/29/2017,35,0
899,7/30/2017,35,0
900,7/31/2017,36,0.2
901,8/1/2017,36,0
902,8/2/2017,36,0.2
903,8/3/2017,36,0
904,8/4/2017,35,0.3
905,8/5/2017,34,5
906,8/6/2017,35,1
907,8/7/2017,35,3.3
908,8/8/2017,31,18.1
909,8/9/2017,31,3
910,8/10/2017,33,0
911,8/11/2017,33,1
912,8/12/2017,33,0
913,8/13/2017,32,0
914,8/14/2017,33,0
915,8/15/2017,34,0
916,8/16/2017,34,0.5
917,8/17/2017,32,0.4
918,8/18/2017,27,12.9
919,8/19/2017,26,16.4
920,8/20/2017,30,0.1
921,8/21/2017,32,0
922,8/22/2017,33,0
923,8/23/2017,34,0.5
924,8/24/2017,33,0.3
925,8/25/2017,28,4.2
926,8/26/2017,32,0.8
927,8/27/2017,30,10.5
928,8/28/2017,28,7
929,8/29/2017,31,0.8
930,8/30/2017,33,0
931,8/31/2017,33,0
932,9/1/2017,33,0
933,9/2/2017,33,0
934,9/3/2017,34,1.9
935,9/4/2017,34,0.4
936,9/5/2017,33,2.2
937,9/6/2017,33,0.1
938,9/7/2017,32,4.7
939,9/8/2017,32,1.1
940,9/9/2017,32,2.2
941,9/10/2017,32,0.3
942,9/11/2017,31,0.8
943,9/12/2017,32,0
944,9/13/2017,32,0
945,9/14/2017,32,0.5
946,9/15/2017,32,4.3
947,9/16/2017,32,0
948,9/17/2017,30,1
949,9/18/2017,30,0
950,9/19/2017,32,0.3
951,9/20/2017,32,0
952,9/21/2017,33,0
953,9/22/2017,32,0
954,9/23/2017,32,2.8
955,9/24/2017,33,0
956,9/25/2017,32,0
957,9/26/2017,32,2.4
958,9/27/2017,30,4.9
959,9/28/2017,30,6
960,9/29/2017,30,6.1
961,9/30/2017,30,10.6
962,10/1/2017,30,3.1
963,10/2/2017,30,5.4
964,10/3/2017,31,0.6
965,10/4/2017,29,1.8
966,10/5/2017,30,0.3
967,10/6/2017,26,6.2
968,10/7/2017,29,3.3
969,10/8/2017,30,1.1
970,10/9/2017,30,8.9
971,10/10/2017,30,3.4
972,10/11/2017,30,4.6
973,10/12/2017,31,2.9
974,10/13/2017,30,1.4
975,10/14/2017,31,0.3
976,10/15/2017,31,0
977,10/16/2017,30,7.2
978,10/17/2017,30,0
979,10/18/2017,30,0
980,10/19/2017,30,0
981,10/20/2017,30,0
982,10/21/2017,30,0
983,10/22/2017,30,0
984,10/23/2017,31,0
985,10/24/2017,30,0.9
986,10/25/2017,29,3.9
987,10/26/2017,28,0
988,10/27/2017,28,0
989,10/28/2017,29,0
990,10/29/2017,28,0
991,10/30/2017,28,0
992,10/31/2017,28,0
993,11/1/2017,27,0
994,11/2/2017,27,0
995,11/3/2017,27,0
996,11/4/2017,26,1.6
997,11/5/2017,27,0.4
998,11/6/2017,28,0.1
999,11/7/2017,28,1.1
1000,11/8/2017,28,0
1001,11/9/2017,27,0
1002,11/10/2017,27,0
1003,11/11/2017,27,0
1004,11/12/2017,27,0
1005,11/13/2017,26,0.9
1006,11/14/2017,27,0.5
1007,11/15/2017,29,0
1008,11/16/2017,29,0
1009,11/17/2017,29,0.3
1010,11/18/2017,28,0.2
1011,11/19/2017,29,1.2
1012,11/20/2017,28,1.7
1013,11/21/2017,28,0.7
1014,11/22/2017,28,0
1015,11/23/2017,29,0
1016,11/24/2017,28,0.1
1017,11/25/2017,27,0
1018,11/26/2017,26,0
1019,11/27/2017,26,0
1020,11/28/2017,26,0
1021,11/29/2017,26,0
1022,11/30/2017,26,0
1023,12/1/2017,26,0
1024,12/2/2017,26,0
1025,12/3/2017,25,0
1026,12/4/2017,25,0
1027,12/5/2017,26,0
1028,12/6/2017,26,0
1029,12/7/2017,26,0
1030,12/8/2017,28,0
1031,12/9/2017,28,0
1032,12/10/2017,27,0
1033,12/11/2017,27,0
1034,12/12/2017,27,0
1035,12/13/2017,27,0
1036,12/14/2017,27,0.1
1037,12/15/2017,27,0
1038,12/16/2017,27,0
1039,12/17/2017,26,0
1040,12/18/2017,26,0
1041,12/19/2017,25,0
1042,12/20/2017,25,0
1043,12/21/2017,25,0
1044,12/22/2017,26,0
1045,12/23/2017,26,0
1046,12/24/2017,26,0
1047,12/25/2017,26,0
1048,12/26/2017,26,0
1049,12/27/2017,25,0
1050,12/28/2017,25,0
1051,12/29/2017,25,0
1052,12/30/2017,25,0
1053,12/31/2017,26,0
1054,1/1/2018,27,0
1055,1/2/2018,26,0
1056,1/3/2018,26,0
1057,1/4/2018,26,0
1058,1/5/2018,25,0
1059,1/6/2018,25,0
1060,1/7/2018,25,0
1061,1/8/2018,25,0
1062,1/9/2018,26,0
1063,1/10/2018,26,0
1064,1/11/2018,27,0
1065,1/12/2018,28,0
1066,1/13/2018,28,0
1067,1/14/2018,28,0
1068,1/15/2018,28,0
1069,1/16/2018,27,0
1070,1/17/2018,26,0
1071,1/18/2018,26,0
1072,1/19/2018,26,0
1073,1/20/2018,26,0
1074,1/21/2018,26,0
1075,1/22/2018,25,0
1076,1/23/2018,26,0
1077,1/24/2018,27,0
1078,1/25/2018,28,0
1079,1/26/2018,27,0
1080,1/27/2018,27,0
1081,1/28/2018,27,0
1082,1/29/2018,27,0
1083,1/30/2018,27,0
1084,1/31/2018,28,0
1085,2/1/2018,28,0
1086,2/2/2018,28,0
1087,2/3/2018,27,0
1088,2/4/2018,27,0
1089,2/5/2018,27,0
1090,2/6/2018,28,0
1091,2/7/2018,29,0
1092,2/8/2018,30,0
1093,2/9/2018,29,0
1094,2/10/2018,29,0
1095,2/11/2018,28,0
1096,2/12/2018,28,0
1097,2/13/2018,27,0
1098,2/14/2018,28,0
1099,2/15/2018,28,0
1100,2/16/2018,29,0
1101,2/17/2018,29,0
1102,2/18/2018,28,0
1103,2/19/2018,28,0
1104,2/20/2018,29,0
1105,2/21/2018,29,0
1106,2/22/2018,30,0
1107,2/23/2018,29,0
1108,2/24/2018,29,0
1109,2/25/2018,29,0
1110,2/26/2018,31,0
1111,2/27/2018,32,0
1112,2/28/2018,32,0
1113,3/1/2018,31,0
1114,3/2/2018,32,0
1115,3/3/2018,32,0
1116,3/4/2018,32,0
1117,3/5/2018,31,0
1118,3/6/2018,31,0
1119,3/7/2018,31,0
1120,3/8/2018,31,0
1121,3/9/2018,31,0
1122,3/10/2018,32,0
1123,3/11/2018,31,0
1124,3/12/2018,32,0
1125,3/13/2018,32,0
1126,3/14/2018,32,0
1127,3/15/2018,33,0
1128,3/16/2018,30,0.1
1129,3/17/2018,30,2.2
1130,3/18/2018,31,0
1131,3/19/2018,32,0
1132,3/20/2018,33,0
1133,3/21/2018,34,0
1134,3/22/2018,33,0
1135,3/23/2018,35,0
1136,3/24/2018,34,0
1137,3/25/2018,33,0
1138,3/26/2018,33,0
1139,3/27/2018,33,0
1140,3/28/2018,34,0
1141,3/29/2018,34,0
1142,3/30/2018,34,0
1143,3/31/2018,33,0
1144,4/1/2018,33,0
1145,4/2/2018,31,0.1
1146,4/3/2018,32,0.2
1147,4/4/2018,33,0
1148,4/5/2018,33,0
1149,4/6/2018,33,0
1150,4/7/2018,33,0.2
1151,4/8/2018,33,0.2
1152,4/9/2018,33,0
1153,4/10/2018,32,0
1154,4/11/2018,33,0
1155,4/12/2018,34,0
1156,4/13/2018,33,0
1157,4/14/2018,34,0
1158,4/15/2018,34,0
1159,4/16/2018,35,0
1160,4/17/2018,35,0
1161,4/18/2018,36,0
1162,4/19/2018,36,0
1163,4/20/2018,37,0
1164,4/21/2018,35,0
1165,4/22/2018,36,0
1166,4/23/2018,35,0
1167,4/24/2018,34,0.4
1168,4/25/2018,35,0
1169,4/26/2018,35,0
1170,4/27/2018,35,0
1171,4/28/2018,35,0
1172,4/29/2018,35,0
1173,4/30/2018,36,0
1174,5/1/2018,36,0
1175,5/2/2018,36,0
1176,5/3/2018,34,3.6
1177,5/4/2018,34,0
1178,5/5/2018,35,0
1179,5/6/2018,35,0
1180,5/7/2018,36,0
1181,5/8/2018,37,0
1182,5/9/2018,35,0.5
1183,5/10/2018,36,0
1184,5/11/2018,37,0
1185,5/12/2018,36,0
1186,5/13/2018,36,0.4
1187,5/14/2018,35,0
1188,5/15/2018,35,0
1189,5/16/2018,35,0
1190,5/17/2018,35,0
1191,5/18/2018,37,0
1192,5/19/2018,37,0
1193,5/20/2018,36,0
1194,5/21/2018,35,0
1195,5/22/2018,35,0
1196,5/23/2018,35,0
1197,5/24/2018,35,0.1
1198,5/25/2018,35,0
1199,5/26/2018,35,0
1200,5/27/2018,36,0
1201,5/28/2018,35,0
1202,5/29/2018,39,0
1203,5/30/2018,40,0
1204,5/31/2018,38,0.5
1205,6/1/2018,36,14.7
1206,6/2/2018,35,4.3
1207,6/3/2018,36,0
1208,6/4/2018,38,0
1209,6/5/2018,37,0.7
1210,6/6/2018,34,3.4
1211,6/7/2018,32,8.7
1212,6/8/2018,34,1
1213,6/9/2018,33,1.5
1214,6/10/2018,33,2.2
1215,6/11/2018,32,4.8
1216,6/12/2018,34,1.1
1217,6/13/2018,36,0.5
1218,6/14/2018,37,0
1219,6/15/2018,38,1
1220,6/16/2018,38,0.5
1221,6/17/2018,38,0.2
1222,6/18/2018,38,0.5
1223,6/19/2018,37,1.2
1224,6/20/2018,37,0.2
1225,6/21/2018,36,2.8
1226,6/22/2018,34,3.1
1227,6/23/2018,34,3
1228,6/24/2018,35,2.4
1229,6/25/2018,36,3.7
1230,6/26/2018,36,0.5
1231,6/27/2018,33,1.3
1232,6/28/2018,33,0
1233,6/29/2018,34,3
1234,6/30/2018,35,0.6
1235,7/1/2018,33,2.1
1236,7/2/2018,35,0
1237,7/3/2018,35,4.2
1238,7/4/2018,35,0.1
1239,7/5/2018,36,0
1240,7/6/2018,34,3
1241,7/7/2018,31,1.5
1242,7/8/2018,29,4
1243,7/9/2018,31,3.1
1244,7/10/2018,31,0.4
1245,7/11/2018,28,2.8
1246,7/12/2018,27,1.6
1247,7/13/2018,28,0
1248,7/14/2018,32,0
1249,7/15/2018,30,1.5
1250,7/16/2018,31,0
1251,7/17/2018,34,0
1252,7/18/2018,34,0
1253,7/19/2018,35,1.1
1254,7/20/2018,33,0
1255,7/21/2018,33,0.6
1256,7/22/2018,34,0
1257,7/23/2018,35,0
1258,7/24/2018,35,0
1259,7/25/2018,35,0.3
1260,7/26/2018,35,0
1261,7/27/2018,35,0.3
1262,7/28/2018,35,0
1263,7/29/2018,35,0
1264,7/30/2018,35,0
1265,7/31/2018,34,0
1266,8/1/2018,35,1
1267,8/2/2018,34,0
1268,8/3/2018,34,0
1269,8/4/2018,35,0.1
1270,8/5/2018,34,0
1271,8/6/2018,33,1.4
1272,8/7/2018,32,3
1273,8/8/2018,31,1.9
1274,8/9/2018,33,0.9
1275,8/10/2018,32,2.1
1276,8/11/2018,29,5.4
1277,8/12/2018,27,2.5
1278,8/13/2018,29,9.3
1279,8/14/2018,27,13.9
1280,8/15/2018,26,10.8
1281,8/16/2018,30,1.4
1282,8/17/2018,32,0
1283,8/18/2018,31,3.6
1284,8/19/2018,26,20
1285,8/20/2018,26,16.4
1286,8/21/2018,32,0.1
1287,8/22/2018,33,0
1288,8/23/2018,33,0
1289,8/24/2018,33,0
1290,8/25/2018,31,5
1291,8/26/2018,31,0
1292,8/27/2018,30,3.8
1293,8/28/2018,30,5.9
1294,8/29/2018,31,2.2
1295,8/30/2018,33,0
1296,8/31/2018,32,0
1297,9/1/2018,31,3.4
1298,9/2/2018,32,0.6
1299,9/3/2018,33,0
1300,9/4/2018,33,0
1301,9/5/2018,32,0.4
1302,9/6/2018,32,0
1303,9/7/2018,31,2.8
1304,9/8/2018,33,0.2
1305,9/9/2018,33,0.2
1306,9/10/2018,33,0.1
1307,9/11/2018,33,2.3
1308,9/12/2018,33,4.2
1309,9/13/2018,32,0.8
1310,9/14/2018,32,5.9
1311,9/15/2018,33,0.5
1312,9/16/2018,31,1.9
1313,9/17/2018,30,5.9
1314,9/18/2018,30,3.1
1315,9/19/2018,31,1
1316,9/20/2018,29,2
1317,9/21/2018,30,3.3
1318,9/22/2018,30,0.5
1319,9/23/2018,31,0.1
1320,9/24/2018,30,1.7
1321,9/25/2018,31,1.1
1322,9/26/2018,30,5.3
1323,9/27/2018,30,1.9
1324,9/28/2018,30,1.9
1325,9/29/2018,31,0
1326,9/30/2018,31,0.4
1327,10/1/2018,31,0.6
1328,10/2/2018,30,0.3
1329,10/3/2018,31,0.2
1330,10/4/2018,30,0
1331,10/5/2018,29,2.9
1332,10/6/2018,30,0
1333,10/7/2018,30,0
1334,10/8/2018,30,0
1335,10/9/2018,30,0
1336,10/10/2018,29,0
1337,10/11/2018,30,0
1338,10/12/2018,31,0.4
1339,10/13/2018,30,1.6
1340,10/14/2018,30,2.7
1341,10/15/2018,30,4.7
1342,10/16/2018,29,13.6
1343,10/17/2018,28,10.5
1344,10/18/2018,28,1.4
1345,10/19/2018,28,0
1346,10/20/2018,28,0
1347,10/21/2018,29,0
1348,10/22/2018,29,0
1349,10/23/2018,29,0
1350,10/24/2018,29,0
1351,10/25/2018,29,0.3
1352,10/26/2018,28,0
1353,10/27/2018,28,0
1354,10/28/2018,27,0
1355,10/29/2018,27,0
1356,10/30/2018,28,0.1
1357,10/31/2018,28,1
1358,11/1/2018,27,5.2
1359,11/2/2018,28,5.3
1360,11/3/2018,28,1
1361,11/4/2018,28,0
1362,11/5/2018,29,0.5
1363,11/6/2018,28,0
1364,11/7/2018,28,0
1365,11/8/2018,28,0
1366,11/9/2018,28,0
1367,11/10/2018,28,0.1
1368,11/11/2018,27,0
1369,11/12/2018,26,0
1370,11/13/2018,26,0
1371,11/14/2018,27,0
1372,11/15/2018,28,0
1373,11/16/2018,28,6.4
1374,11/17/2018,28,3.6
1375,11/18/2018,29,0.1
1376,11/19/2018,28,0.6
1377,11/20/2018,28,0
1378,11/21/2018,25,0
1379,11/22/2018,24,1.2
1380,11/23/2018,28,0
1381,11/24/2018,27,0
1382,11/25/2018,26,0
1383,11/26/2018,25,0
1384,11/27/2018,25,0
1385,11/28/2018,26,0
1386,11/29/2018,26,0
1387,11/30/2018,27,0.1
1388,12/1/2018,26,0
1389,12/2/2018,26,0.1
1390,12/3/2018,26,0.1
1391,12/4/2018,25,0.1
1392,12/5/2018,27,1.2
1393,12/6/2018,27,7.3
1394,12/7/2018,27,0.2
1395,12/8/2018,27,0
1396,12/9/2018,27,0.1
1397,12/10/2018,26,0
1398,12/11/2018,27,0
1399,12/12/2018,27,0
1400,12/13/2018,27,0
1401,12/14/2018,27,0
1402,12/15/2018,26,0
1403,12/16/2018,20,1.7
1404,12/17/2018,20,12.3
1405,12/18/2018,22,0
1406,12/19/2018,22,0.3
1407,12/20/2018,25,0
1408,12/21/2018,26,0.1
1409,12/22/2018,26,0
1410,12/23/2018,26,0
1411,12/24/2018,26,0
1412,12/25/2018,26,0
1413,12/26/2018,26,0
1414,12/27/2018,26,0
1415,12/28/2018,26,2
1416,12/29/2018,23,0
1417,12/30/2018,24,0
1418,12/31/2018,22,0
1419,1/1/2019,28.69680159,0
1420,1/2/2019,29.14915142,0
1421,1/3/2019,29.7415409,0
1422,1/4/2019,29.45143356,0
1423,1/5/2019,28.86338361,0
1424,1/6/2019,29.03248067,0
1425,1/7/2019,29.80063652,0
1426,1/8/2019,30.22569374,0
1427,1/9/2019,30.02402796,0
1428,1/10/2019,29.45825846,0
1429,1/11/2019,29.5520504,0
1430,1/12/2019,29.21366098,0
1431,1/13/2019,29.44746842,0
1432,1/14/2019,29.72776516,0
1433,1/15/2019,29.82377494,0
1434,1/16/2019,29.48923193,0
1435,1/17/2019,29.58843095,0
1436,1/18/2019,29.98523441,0
1437,1/19/2019,30.36076291,0
1438,1/20/2019,30.40204336,0
1439,1/21/2019,30.01898724,0
1440,1/22/2019,30.13813958,0
1441,1/23/2019,30.15004698,0
1442,1/24/2019,30.9004359,0
1443,1/25/2019,30.70564843,0.013020863
1444,1/26/2019,30.22032489,0
1445,1/27/2019,29.16402255,0.043947054
1446,1/28/2019,26.07951027,5.318676922
1447,1/29/2019,28.7057055,1.683701669
1448,1/30/2019,29.12354421,0
1449,1/31/2019,29.11774695,0.007088744
1450,2/1/2019,29.40800289,0
1451,2/2/2019,30.14865886,0
1452,2/3/2019,30.38591288,0
1453,2/4/2019,30.9783783,0
1454,2/5/2019,31.35072757,0
1455,2/6/2019,31.81129726,0
1456,2/7/2019,31.98770638,0
1457,2/8/2019,32.01855998,0
1458,2/9/2019,31.52231541,0
1459,2/10/2019,31.83413561,0.03154946
1460,2/11/2019,30.71563182,0.002330059
1461,2/12/2019,31.09649648,0.000603225
1462,2/13/2019,31.09819778,0
1463,2/14/2019,32.06823503,0
1464,2/15/2019,32.51776578,0
1465,2/16/2019,32.38196252,0
1466,2/17/2019,33.36208089,0
1467,2/18/2019,33.90643477,0
1468,2/19/2019,33.8320404,0
1469,2/20/2019,33.36420037,0.153722167
1470,2/21/2019,33.34385929,0
1471,2/22/2019,35.19168622,0
1472,2/23/2019,36.29612004,0
1473,2/24/2019,35.80698993,0
1474,2/25/2019,35.09831561,0
1475,2/26/2019,34.0708374,0
1476,2/27/2019,33.75601296,0
1477,2/28/2019,33.49091031,1.471399852
1478,3/1/2019,33.18452609,1.550006752
1479,3/2/2019,33.01564125,1.069887559
1480,3/3/2019,33.29104635,1.160247365
1481,3/4/2019,34.15376954,0.76625338
1482,3/5/2019,35.42415443,0
1483,3/6/2019,35.78199152,0
1484,3/7/2019,35.44161315,0.017642628
1485,3/8/2019,34.73960738,0.470296763
1486,3/9/2019,34.80746558,0.534097366
1487,3/10/2019,34.9956874,1.372875075
1488,3/11/2019,35.14659816,0
1489,3/12/2019,35.66228794,0
1490,3/13/2019,35.79683338,0.012233948
1491,3/14/2019,36.52624093,0
1492,3/15/2019,36.39594173,0
1493,3/16/2019,34.76641304,0
1494,3/17/2019,34.79458654,0
1495,3/18/2019,34.50167053,0
1496,3/19/2019,34.90807317,0
1497,3/20/2019,35.19922095,0
1498,3/21/2019,35.07230968,0
1499,3/22/2019,35.30691688,0
1500,3/23/2019,36.18404493,0
1501,3/24/2019,36.28485978,0.002348135
1502,3/25/2019,36.25777141,0.051242857
1503,3/26/2019,36.10240194,0
1504,3/27/2019,36.25453022,0
1505,3/28/2019,36.839366,0
1506,3/29/2019,36.65428857,0
1507,3/30/2019,37.08546673,0
1508,3/31/2019,37.62367195,0
1509,4/1/2019,37.30818621,0.025442209
1510,4/2/2019,36.9205588,0.001080432
1511,4/3/2019,36.57545445,0
1512,4/4/2019,36.32476998,0
1513,4/5/2019,37.09930426,0.014679922
1514,4/6/2019,37.45460051,0
1515,4/7/2019,37.20957845,3.788851521
1516,4/8/2019,37.02097074,0
1517,4/9/2019,36.85167207,0.593431234
1518,4/10/2019,37.45748008,0
1519,4/11/2019,37.44881052,0.92393017
1520,4/12/2019,37.69231255,0.275145599
1521,4/13/2019,38.37524842,0.225905588
1522,4/14/2019,38.29751358,0.003184573
1523,4/15/2019,38.22533342,0.003148296
1524,4/16/2019,38.25638788,0
1525,4/17/2019,37.64846746,0
1526,4/18/2019,37.34950632,0
1527,4/19/2019,37.21628074,0.872114204
1528,4/20/2019,37.20613642,0.414496053
1529,4/21/2019,37.60576188,1.639065711
1530,4/22/2019,37.53444832,2.616656693
1531,4/23/2019,37.42389111,2.096825588
1532,4/24/2019,37.54606068,0.556395148
1533,4/25/2019,37.92639099,0
1534,4/26/2019,38.44561107,0
1535,4/27/2019,38.42883548,0.175147529
1536,4/28/2019,37.90724155,0.159717294
1537,4/29/2019,38.1554049,0
1538,4/30/2019,38.29023135,0.261224294
1539,5/1/2019,36.672354,1.480898429
1540,5/2/2019,36.569705,0.889099823
1541,5/3/2019,38.24316484,2.88111016
1542,5/4/2019,40.05884956,0.070969943
1543,5/5/2019,40.55220398,0.560137781
1544,5/6/2019,40.89427275,0.675562378
1545,5/7/2019,39.42979245,0.108034143
1546,5/8/2019,39.55544934,1.380168306
1547,5/9/2019,40.03094616,0.359043478
1548,5/10/2019,39.48698441,0.215189703
1549,5/11/2019,38.74899096,0
1550,5/12/2019,38.33319697,0.29759014
1551,5/13/2019,38.09688864,0.408971755
1552,5/14/2019,38.87019376,0.136097965
1553,5/15/2019,38.56806893,0.128794982
1554,5/16/2019,38.43387051,1.168184032
1555,5/17/2019,38.78715948,0.019010154
1556,5/18/2019,39.67990227,1.417154099
1557,5/19/2019,39.29798536,0.028549431
1558,5/20/2019,38.87955896,0.545515501
1559,5/21/2019,39.08694843,0
1560,5/22/2019,38.56214945,0.472809785
1561,5/23/2019,38.53001493,0
1562,5/24/2019,38.77532375,0.248577299
1563,5/25/2019,39.49464983,0.001821736
1564,5/26/2019,40.430913,0
1565,5/27/2019,39.29570105,1.149451483
1566,5/28/2019,39.40882034,2.713776174
1567,5/29/2019,38.55013415,1.555020775
1568,5/30/2019,37.32343932,4.210460715
1569,5/31/2019,38.40279349,0
1570,6/1/2019,38.89272226,0.446466221
1571,6/2/2019,39.06483018,0.616407651
1572,6/3/2019,37.27700891,2.970362879
1573,6/4/2019,36.98138924,6.869665997
1574,6/5/2019,38.61875028,0.031080357
1575,6/6/2019,37.51017425,0.221577523
1576,6/7/2019,37.61995985,4.575391457
1577,6/8/2019,38.43783847,0.304944276
1578,6/9/2019,39.18373124,0.145613512
1579,6/10/2019,37.39784315,3.75896017
1580,6/11/2019,39.22833405,0.316011567
1581,6/12/2019,39.88097663,0.025990402
1582,6/13/2019,38.45691793,0.542130485
1583,6/14/2019,39.40373988,0.091149636
1584,6/15/2019,40.41501239,0.287486535
1585,6/16/2019,39.45088029,0.005193392
1586,6/17/2019,37.71976701,3.778909274
1587,6/18/2019,39.46489941,1.186754465
1588,6/19/2019,39.70117105,0.081866728
1589,6/20/2019,37.36606714,1.677208034
1590,6/21/2019,34.18314116,9.80005242
1591,6/22/2019,34.71445421,2.58416924
1592,6/23/2019,34.50960202,6.945697807
1593,6/24/2019,35.26485521,3.780937544
1594,6/25/2019,35.23417709,8.574479791
1595,6/26/2019,33.62524754,2.542462707
1596,6/27/2019,37.18064687,2.709164939
1597,6/28/2019,37.21089656,1.434027641
1598,6/29/2019,35.61512601,0.315675135
1599,6/30/2019,34.63512144,0.729237227
1600,7/1/2019,33.39725857,3.701074206
1601,7/2/2019,33.66110884,4.379887685
1602,7/3/2019,34.79617452,2.217094518
1603,7/4/2019,36.34015156,0.297455206
1604,7/5/2019,33.29531925,1.920295956
1605,7/6/2019,33.85889143,3.665238365
1606,7/7/2019,36.14963498,1.060917321
1607,7/8/2019,36.19888583,3.224643265
1608,7/9/2019,35.60883521,2.068907468
1609,7/10/2019,36.49576289,0.565296226
1610,7/11/2019,36.01901021,2.564361145
1611,7/12/2019,36.58458398,3.957648386
1612,7/13/2019,36.77761966,2.297165948
1613,7/14/2019,35.13623249,13.44797841
1614,7/15/2019,35.64584797,5.416048221
1615,7/16/2019,36.34116278,5.938674522
1616,7/17/2019,36.14865959,2.89094492
1617,7/18/2019,35.1939827,1.625395698
1618,7/19/2019,31.85789404,8.465117197
1619,7/20/2019,32.72401515,13.60630869
1620,7/21/2019,33.92775413,5.343662679
1621,7/22/2019,33.35678151,3.566821774
1622,7/23/2019,31.89057415,4.744686163
1623,7/24/2019,34.59977898,4.159095603
1624,7/25/2019,32.95644618,2.570925794
1625,7/26/2019,29.45337865,10.48394952
1626,7/27/2019,31.07041522,11.89438441
1627,7/28/2019,29.07950931,6.133740304
1628,7/29/2019,30.28965321,9.202546642
1629,7/30/2019,32.00137958,2.274391021
1630,7/31/2019,34.32548447,1.956041907
1631,8/1/2019,31.57452833,4.787243751
1632,8/2/2019,28.65821413,17.00568139
1633,8/3/2019,30.75340533,6.998227053
1634,8/4/2019,32.45063311,4.607119731
1635,8/5/2019,32.19322326,0.442964943
1636,8/6/2019,29.62331846,7.411902729
1637,8/7/2019,29.99392813,12.90349122
1638,8/8/2019,32.08762345,6.392853729
1639,8/9/2019,34.21206026,7.379348519
1640,8/10/2019,34.37407011,0.522992322
1641,8/11/2019,34.73833928,0.178795335
1642,8/12/2019,33.93893594,0.89222556
1643,8/13/2019,33.28879952,1.422083835
1644,8/14/2019,34.29242322,2.664873526
1645,8/15/2019,34.20710215,9.20004269
1646,8/16/2019,34.63018947,2.549384683
1647,8/17/2019,32.5061159,7.942941824
1648,8/18/2019,31.60184047,6.948332979
1649,8/19/2019,33.83503959,12.26160534
1650,8/20/2019,32.50435477,8.840313539
1651,8/21/2019,33.06959248,6.505231667
1652,8/22/2019,32.96211853,11.12221017
1653,8/23/2019,32.10505446,7.42961348
1654,8/24/2019,32.57486433,3.064597173
1655,8/25/2019,32.85759338,6.381410104
1656,8/26/2019,33.34655317,1.708925134
1657,8/27/2019,34.3589611,0.108821562
1658,8/28/2019,34.24585684,0.001063052
1659,8/29/2019,34.66037013,1.95671329
1660,8/30/2019,34.36389353,0.613874934
1661,8/31/2019,31.50809153,7.244732134
1662,9/1/2019,29.80740927,11.2727716
1663,9/2/2019,30.82215113,13.88909614
1664,9/3/2019,29.88340025,6.105402344
1665,9/4/2019,30.73746454,4.878452364
1666,9/5/2019,31.75547643,6.269229713
1667,9/6/2019,32.2250707,4.047982463
1668,9/7/2019,32.18555624,4.312788667
1669,9/8/2019,33.13375492,2.433535426
1670,9/9/2019,34.03890453,0.514384915
1671,9/10/2019,33.68191851,1.418698184
1672,9/11/2019,32.73114627,3.067686079
1673,9/12/2019,32.27561905,10.64166064
1674,9/13/2019,33.68355563,5.565302605
1675,9/14/2019,33.69606972,6.251919287
1676,9/15/2019,33.31929806,8.447226328
1677,9/16/2019,33.28776909,5.200822672
1678,9/17/2019,31.04410461,12.09976191
1679,9/18/2019,30.81109485,21.96736167
1680,9/19/2019,30.93528655,20.82493417
1681,9/20/2019,31.9919461,19.76239633
1682,9/21/2019,32.93027434,1.166892953
1683,9/22/2019,32.58402107,6.461310816
1684,9/23/2019,32.93223663,5.0981524
1685,9/24/2019,30.63136289,10.70627452
1686,9/25/2019,30.44484343,17.95729821
1687,9/26/2019,30.12576252,19.85753483
1688,9/27/2019,31.87331706,10.03028328
1689,9/28/2019,32.54743473,2.374985462
1690,9/29/2019,32.37636782,0.83791164
1691,9/30/2019,32.39395263,1.540372403
1692,10/1/2019,33.65289073,0.852684986
1693,10/2/2019,33.69689029,1.961197167
1694,10/3/2019,33.27373484,2.574159872
1695,10/4/2019,33.32446595,9.461155283
1696,10/5/2019,33.17772972,2.421434922
1697,10/6/2019,33.26561356,3.280409434
1698,10/7/2019,33.2125968,6.188251525
1699,10/8/2019,32.06166929,2.918056303
1700,10/9/2019,32.54675636,2.363358778
1701,10/10/2019,32.23594697,10.93833462
1702,10/11/2019,32.95970761,5.851245669
1703,10/12/2019,33.25346691,3.993342063
1704,10/13/2019,33.27556164,4.060095276
1705,10/14/2019,32.96146071,5.144688756
1706,10/15/2019,32.57451056,1.953171287
1707,10/16/2019,29.24401215,8.464654072
1708,10/17/2019,29.6718427,6.782005234
1709,10/18/2019,31.35622308,7.800429661
1710,10/19/2019,29.73550132,16.16507541
1711,10/20/2019,30.73039736,10.64075364
1712,10/21/2019,29.45174991,6.863941798
1713,10/22/2019,26.61509142,17.65359417
1714,10/23/2019,28.71183709,29.70848647
1715,10/24/2019,30.84942245,36.62337242
1716,10/25/2019,30.94093309,7.504811476
1717,10/26/2019,31.59878532,8.583484098
1718,10/27/2019,32.1498313,4.528987539
1719,10/28/2019,32.24584872,1.788782589
1720,10/29/2019,30.68803354,1.708394576
1721,10/30/2019,29.33550273,12.20831031
1722,10/31/2019,30.05330382,10.7953481
1723,11/1/2019,32.46628188,0.74184219
1724,11/2/2019,32.38666642,1.610728021
1725,11/3/2019,32.45632026,0.137779322
1726,11/4/2019,32.90749557,0.015263485
1727,11/5/2019,32.92348257,0
1728,11/6/2019,32.68298371,0
1729,11/7/2019,32.28912339,0.02735396
1730,11/8/2019,31.59424472,0.210629104
1731,11/9/2019,32.49125147,0.006968636
1732,11/10/2019,32.82746744,0
1733,11/11/2019,32.36702176,0
1734,11/12/2019,31.95169903,0
1735,11/13/2019,31.11950273,0.090662356
1736,11/14/2019,30.29915286,0.105010652
1737,11/15/2019,29.90087179,7.536099913
1738,11/16/2019,31.63570809,0.99328935
1739,11/17/2019,31.93576343,0.006968636
1740,11/18/2019,31.9650403,0.161833782
1741,11/19/2019,30.88954636,1.546187445
1742,11/20/2019,30.7807472,2.816996048
1743,11/21/2019,30.54541787,1.488373862
1744,11/22/2019,30.57010999,0
1745,11/23/2019,30.45895185,0
1746,11/24/2019,30.54659415,0
1747,11/25/2019,30.53174012,0
1748,11/26/2019,30.40579287,0
1749,11/27/2019,30.25900054,0.079808146
1750,11/28/2019,30.78093021,2.107318865
1751,11/29/2019,31.1313577,0.798534252
1752,11/30/2019,30.63025578,0
1753,12/1/2019,28.32231823,10.05208026
1754,12/2/2019,28.52771684,9.200271159
1755,12/3/2019,29.36083269,0.594058647
1756,12/4/2019,29.64365714,0.055054483
1757,12/5/2019,29.14976605,0
1758,12/6/2019,29.06039884,0.201234652
1759,12/7/2019,29.24944364,0.459691901
1760,12/8/2019,29.51303575,1.719547446
1761,12/9/2019,29.95030191,0.251657073
1762,12/10/2019,30.14785804,0.178473955
1763,12/11/2019,30.32491427,0
1764,12/12/2019,29.8835598,0
1765,12/13/2019,30.44923284,0.003024274
1766,12/14/2019,29.65752274,0.166050531
1767,12/15/2019,29.87103448,1.135273901
1768,12/16/2019,29.83528991,0.676354623
1769,12/17/2019,29.78696713,2.303372409
1770,12/18/2019,29.47482454,0.510234639
1771,12/19/2019,29.50290053,0.008244464
1772,12/20/2019,29.771389,0
1773,12/21/2019,29.39343692,0
1774,12/22/2019,29.75491527,0
1775,12/23/2019,29.37916162,0
1776,12/24/2019,29.17201493,0
1777,12/25/2019,30.23669755,0
1778,12/26/2019,29.45428543,0
1779,12/27/2019,30.01828413,0.05979184
1780,12/28/2019,28.62712523,0.025167032
1781,12/29/2019,28.37609473,0.143534779
1782,12/30/2019,28.42919046,1.267940675
1783,12/31/2019,28.79935075,0.131418687
1784,1/1/2020,29.26737002,0.192389654
1785,1/2/2020,28.63716825,0.569553368
1786,1/3/2020,30.09947721,1.255701931
1787,1/4/2020,28.86320333,4.214679054
1788,1/5/2020,28.7289216,2.304578275
1789,1/6/2020,28.46656532,1.788516757
1790,1/7/2020,28.90047062,1.066277968
1791,1/8/2020,29.53651862,0.133942283
1792,1/9/2020,29.97255278,0
1793,1/10/2020,29.33116028,0
1794,1/11/2020,29.07105299,0.453966594
1795,1/12/2020,28.99998829,0.0147952
1796,1/13/2020,29.72704071,0.041431543
1797,1/14/2020,29.69467171,0
1798,1/15/2020,29.7361876,0
1799,1/16/2020,30.03816618,0
1800,1/17/2020,30.3623758,0
1801,1/18/2020,29.95714099,0.145465189
1802,1/19/2020,30.68910723,0.058954555
1803,1/20/2020,31.00640758,0
1804,1/21/2020,30.55068718,0
1805,1/22/2020,30.66275976,0.001913015
1806,1/23/2020,30.97189967,0
1807,1/24/2020,31.26060195,0
1808,1/25/2020,30.96716254,0
1809,1/26/2020,31.78523668,0
1810,1/27/2020,32.12614995,0
1811,1/28/2020,31.91137329,0
1812,1/29/2020,32.01234662,0
1813,1/30/2020,32.2408573,0
1814,1/31/2020,31.93527251,0
1815,2/1/2020,30.98358298,1.251756693
1816,2/2/2020,30.68846809,0.00956903
1817,2/3/2020,31.19123248,0.181493761
1818,2/4/2020,30.26106585,1.915049033
1819,2/5/2020,31.69586689,0.560040851
1820,2/6/2020,31.6392267,0.297459724
1821,2/7/2020,31.46109532,0.019619458
1822,2/8/2020,31.10014354,0.359060377
1823,2/9/2020,29.48313815,1.406228297
1824,2/10/2020,28.94178938,1.651872777
1825,2/11/2020,30.39760165,1.907444709
1826,2/12/2020,30.71656089,0.01004758
1827,2/13/2020,31.81270549,0
1828,2/14/2020,33.52587893,0
1829,2/15/2020,33.24667551,0
1830,2/16/2020,33.00520479,0.001203225
1831,2/17/2020,32.49956572,0
1832,2/18/2020,32.31879032,0
1833,2/19/2020,31.84441801,0
1834,2/20/2020,31.65118127,0
1835,2/21/2020,31.82860532,0
1836,2/22/2020,32.20787065,0
1837,2/23/2020,32.30706246,0
1838,2/24/2020,32.67771696,0
1839,2/25/2020,32.9175148,0
1840,2/26/2020,32.33322027,0.172669475
1841,2/27/2020,32.228488,0.069093561
1842,2/28/2020,32.08252326,0.052083756
1843,2/29/2020,32.35546261,0.002115362
1844,3/1/2020,32.45324388,0
1845,3/2/2020,32.70510282,0.034092163
1846,3/3/2020,33.4818679,0
1847,3/4/2020,33.65068694,0.053255102
1848,3/5/2020,33.43845822,0.058161191
1849,3/6/2020,32.6239587,0.098897789
1850,3/7/2020,32.21982515,1.245408621
1851,3/8/2020,32.91335128,1.234881894
1852,3/9/2020,33.25016784,0.494054808
1853,3/10/2020,33.91985559,0.970720883
1854,3/11/2020,33.81707373,0
1855,3/12/2020,34.30591713,0
1856,3/13/2020,34.46406315,0
1857,3/14/2020,34.11446063,0.135890659
1858,3/15/2020,33.86722254,0
1859,3/16/2020,34.305563,0
1860,3/17/2020,34.77950259,0
1861,3/18/2020,35.49466378,0.073509145
1862,3/19/2020,35.93317544,3.359714947
1863,3/20/2020,34.67166454,1.686067049
1864,3/21/2020,34.93945056,1.420791652
1865,3/22/2020,34.98776686,0.981596426
1866,3/23/2020,34.73670415,0.08718894
1867,3/24/2020,34.96153693,2.322392772
1868,3/25/2020,35.02777266,0
1869,3/26/2020,35.68577169,0.17226128
1870,3/27/2020,36.1085569,0
1871,3/28/2020,36.61408647,0
1872,3/29/2020,37.16618336,0
1873,3/30/2020,36.65327742,0
1874,3/31/2020,37.08031048,0.17226128
1875,4/1/2020,37.4536144,0.575570188
1876,4/2/2020,37.09332903,0
1877,4/3/2020,36.48173301,0.254695703
1878,4/4/2020,35.9809869,0
1879,4/5/2020,36.69872243,0
1880,4/6/2020,36.89809577,0.082304937
1881,4/7/2020,36.16980369,1.241493099
1882,4/8/2020,36.64479826,1.151150236
1883,4/9/2020,33.86992142,2.677880715
1884,4/10/2020,35.58913901,5.182045651
1885,4/11/2020,36.10498196,0
1886,4/12/2020,36.78459236,0.041723212
1887,4/13/2020,37.36694844,0
1888,4/14/2020,36.46476857,0
1889,4/15/2020,36.62785,0
1890,4/16/2020,36.69210243,0
1891,4/17/2020,36.86369745,0
1892,4/18/2020,36.87286686,0
1893,4/19/2020,36.58551524,0.741499129
1894,4/20/2020,36.71342383,0
1895,4/21/2020,36.77812888,0.215212622
1896,4/22/2020,37.14414628,0
1897,4/23/2020,37.3743,0.33306016
1898,4/24/2020,37.31596889,0.114074398
1899,4/25/2020,37.1755829,0.872925783
1900,4/26/2020,36.75595626,18.12988794
1901,4/27/2020,35.54208335,8.785041109
1902,4/28/2020,36.03330577,1.960892304
1903,4/29/2020,35.52304484,4.235179336
1904,4/30/2020,36.58935335,2.179236796
1905,5/1/2020,37.51982708,1.594093477
1906,5/2/2020,37.23396527,3.393204817
1907,5/3/2020,37.77408461,0
1908,5/4/2020,37.59902656,0.935289137
1909,5/5/2020,37.64806759,0.12159782
1910,5/6/2020,37.43597603,0.008163907
1911,5/7/2020,37.43685477,1.540573854
1912,5/8/2020,37.59655485,1.029703187
1913,5/9/2020,37.92490402,0
1914,5/10/2020,37.41280752,1.965793703
1915,5/11/2020,36.93462533,0.149040904
1916,5/12/2020,36.94295642,0.072258156
1917,5/13/2020,36.93150823,0.278390337
1918,5/14/2020,37.25660342,0
1919,5/15/2020,37.64866212,0.115983797
1920,5/16/2020,37.56558326,0.229063686
1921,5/17/2020,37.82375418,1.594638399
1922,5/18/2020,37.45466499,1.008168105
1923,5/19/2020,38.36160947,1.807754249
1924,5/20/2020,40.53331975,0.351807135
1925,5/21/2020,41.44788491,0
1926,5/22/2020,40.44012237,0
1927,5/23/2020,39.36378937,0
1928,5/24/2020,38.54702289,0.096265714
1929,5/25/2020,38.19143631,0.780248873
1930,5/26/2020,38.22668424,0
1931,5/27/2020,38.49209617,0.030188508
1932,5/28/2020,38.75795891,0.235559511
1933,5/29/2020,39.02470114,0.096653282
1934,5/30/2020,37.72343565,2.582576726
1935,5/31/2020,37.69380645,0.865809544
1936,6/1/2020,36.58111647,0.981952538
1937,6/2/2020,36.19999479,6.685696395
1938,6/3/2020,36.05265758,5.14913151
1939,6/4/2020,36.61587284,2.774323559
1940,6/5/2020,37.08162101,4.035131908
1941,6/6/2020,38.36282697,0.162257714
1942,6/7/2020,37.93059204,1.633261051
1943,6/8/2020,37.77275551,1.023189883
1944,6/9/2020,37.13705395,3.438098539
1945,6/10/2020,34.85063143,5.474837955
1946,6/11/2020,30.62621665,16.83525178
1947,6/12/2020,30.92482407,10.24257981
1948,6/13/2020,34.92409686,2.693545494
1949,6/14/2020,36.0650633,1.435913796
1950,6/15/2020,35.97602005,1.174022062
1951,6/16/2020,34.46441771,6.558912631
1952,6/17/2020,34.17313152,3.38998461
1953,6/18/2020,33.76381081,4.214757937
1954,6/19/2020,36.05987703,2.833167597
1955,6/20/2020,36.38112077,1.300023558
1956,6/21/2020,33.64384246,2.650917043
1957,6/22/2020,35.68910955,3.700212027
1958,6/23/2020,36.04772005,4.574900947
1959,6/24/2020,35.79336875,3.5924005
1960,6/25/2020,34.90141886,2.609904499
1961,6/26/2020,34.3423611,2.934235388
1962,6/27/2020,35.05936896,1.159721336
1963,6/28/2020,34.34573058,3.397122625
1964,6/29/2020,34.52440917,5.697224183
1965,6/30/2020,34.3798321,16.17925395
1966,7/1/2020,33.47686171,5.928655453
1967,7/2/2020,33.44015963,7.359452322
1968,7/3/2020,33.52148593,3.938792509
1969,7/4/2020,31.44358319,12.91802483
1970,7/5/2020,30.61697899,7.391869478
1971,7/6/2020,30.77980231,6.660751971
1972,7/7/2020,34.90369108,1.093275822
1973,7/8/2020,34.52573854,4.256139507
1974,7/9/2020,33.33724905,37.38233227
1975,7/10/2020,32.36203547,14.99525266
1976,7/11/2020,33.67387382,5.152640536
1977,7/12/2020,34.05477546,2.341965286
1978,7/13/2020,33.10945333,12.20702116
1979,7/14/2020,31.08986129,10.41362261
1980,7/15/2020,28.90168152,14.81397649
1981,7/16/2020,30.79275825,10.96831797
1982,7/17/2020,32.61290656,3.829089111
1983,7/18/2020,33.06553616,5.945993274
1984,7/19/2020,32.97576879,4.828508055
1985,7/20/2020,33.22281489,13.37460876
1986,7/21/2020,33.45826631,9.211430093
1987,7/22/2020,33.56652474,1.178364537
1988,7/23/2020,30.57178977,1.936504603
1989,7/24/2020,32.00207814,5.904306329
1990,7/25/2020,33.05443036,6.470502322
1991,7/26/2020,34.21331397,3.20863464
1992,7/27/2020,34.6392764,1.224547083
1993,7/28/2020,34.42232196,0.990283385
1994,7/29/2020,32.61264037,16.18869041
1995,7/30/2020,33.74659963,2.27108788
1996,7/31/2020,33.45312497,2.980192603
1997,8/1/2020,32.67438894,8.305235751
1998,8/2/2020,33.88051859,12.04273153
1999,8/3/2020,32.08388456,8.630752631
2000,8/4/2020,30.4929631,6.247348609
2001,8/5/2020,30.44704287,5.283446521
2002,8/6/2020,32.96383164,1.248618745
2003,8/7/2020,33.66672334,1.73024474
2004,8/8/2020,34.3902881,0.242154356
2005,8/9/2020,31.40477588,1.644622832
2006,8/10/2020,30.45236087,13.13936623
2007,8/11/2020,32.83357626,3.968925191
2008,8/12/2020,29.90263175,6.601916383
2009,8/13/2020,29.17638148,9.942817521
2010,8/14/2020,28.41658322,5.502742247
2011,8/15/2020,27.40384847,8.704086824
2012,8/16/2020,28.80822028,11.19623863
2013,8/17/2020,31.31666996,3.470539712
2014,8/18/2020,32.82313318,4.699190082
2015,8/19/2020,31.03982928,2.62146066
2016,8/20/2020,29.26229672,8.150483632
2017,8/21/2020,32.24599908,5.562856064
2018,8/22/2020,32.17622307,3.607634437
2019,8/23/2020,31.78171017,3.944843374
2020,8/24/2020,32.54928398,9.840197263
2021,8/25/2020,33.13573365,2.342503132
2022,8/26/2020,31.72598172,3.325321383
2023,8/27/2020,31.78602223,3.218717897
2024,8/28/2020,33.23313006,1.166750368
2025,8/29/2020,33.98429774,0.44488022
2026,8/30/2020,34.61704479,1.935961989
2027,8/31/2020,34.53165792,4.453253938
2028,9/1/2020,33.7959456,1.639679427
2029,9/2/2020,32.20584528,12.29451854
2030,9/3/2020,33.11444314,4.513913405
2031,9/4/2020,33.35292797,2.462083936
2032,9/5/2020,33.89973057,0.475333117
2033,9/6/2020,34.3851164,0.34155813
2034,9/7/2020,34.45632681,0.901331307
2035,9/8/2020,34.43455486,4.049563894
2036,9/9/2020,34.36012249,1.244161955
2037,9/10/2020,33.9443027,4.447943842
2038,9/11/2020,32.38327663,5.315061152
2039,9/12/2020,31.74004425,3.146638782
2040,9/13/2020,29.56899441,22.67590645
2041,9/14/2020,29.90655056,28.89875861
2042,9/15/2020,31.35680185,17.65843676
2043,9/16/2020,32.00066686,17.19716239
2044,9/17/2020,32.81859636,5.625365678
2045,9/18/2020,33.06730718,6.937234084
2046,9/19/2020,30.71267514,19.01378017
2047,9/20/2020,30.26202564,5.646320125
2048,9/21/2020,30.27109454,11.27425584
2049,9/22/2020,31.72490484,1.603463091
2050,9/23/2020,33.02735875,3.395840324
2051,9/24/2020,33.81162721,0.374836824
2052,9/25/2020,33.1822881,0.492232095
2053,9/26/2020,28.26825277,37.16505962
2054,9/27/2020,31.30442749,4.074127003
2055,9/28/2020,33.41508746,0.368457873
2056,9/29/2020,32.36254296,1.317433424
2057,9/30/2020,29.7919882,16.83888709
2058,10/1/2020,30.89550641,7.586771654
2059,10/2/2020,32.48991879,0.229621284
2060,10/3/2020,32.73807935,0.605486593
2061,10/4/2020,30.85485458,4.82602807
2062,10/5/2020,32.44128122,3.506619317
2063,10/6/2020,33.1998448,4.910818697
2064,10/7/2020,32.42700933,6.983389604
2065,10/8/2020,32.7332362,0.570252373
2066,10/9/2020,33.30296682,3.870310023
2067,10/10/2020,31.25921051,4.457707634
2068,10/11/2020,28.40253656,17.61204956
2069,10/12/2020,29.08514029,28.86016649
2070,10/13/2020,30.0597589,52.04790158
2071,10/14/2020,31.28195303,22.74749129
2072,10/15/2020,31.65138295,8.841601369
2073,10/16/2020,32.19157418,1.548736888
2074,10/17/2020,32.03110714,9.780864063
2075,10/18/2020,32.11666231,6.419561425
2076,10/19/2020,32.58697417,3.134278695
2077,10/20/2020,30.44347655,16.36152674
2078,10/21/2020,29.85947373,10.75663637
2079,10/22/2020,31.89355596,1.368375409
2080,10/23/2020,32.90049936,6.556164329
2081,10/24/2020,33.1221306,1.597744342
2082,10/25/2020,33.09178518,0.514985943
2083,10/26/2020,32.86899393,0
2084,10/27/2020,32.59480017,0.106396567
2085,10/28/2020,31.92943436,0.117930825
2086,10/29/2020,31.10150064,1.140263552
2087,10/30/2020,32.76701971,0.626571531
2088,10/31/2020,33.14156163,0
2089,11/1/2020,33.6691284,0
2090,11/2/2020,33.55593066,0
2091,11/3/2020,33.09666725,0.87774634
2092,11/4/2020,32.44943603,2.141095371
2093,11/5/2020,32.33270943,4.779254019
2094,11/6/2020,31.94832806,2.514837351
2095,11/7/2020,31.41025525,1.199148853
2096,11/8/2020,31.267813,3.611169656
2097,11/9/2020,30.95391625,0.048501196
2098,11/10/2020,30.76767234,0
2099,11/11/2020,29.40392819,0.685108446
2100,11/12/2020,28.39857226,12.12263293
2101,11/13/2020,30.66979714,7.860104622
2102,11/14/2020,31.76410462,3.397237764
2103,11/15/2020,29.77885518,0.848990591
2104,11/16/2020,29.25233546,11.05409468
2105,11/17/2020,30.88707903,7.633376129
2106,11/18/2020,31.50018599,2.74007489
2107,11/19/2020,31.90372608,0.200149706
2108,11/20/2020,31.65961696,0.088390315
2109,11/21/2020,32.22805501,0
2110,11/22/2020,31.76395241,0.084666408
2111,11/23/2020,30.00873315,1.387538487
2112,11/24/2020,29.62418135,0
2113,11/25/2020,27.73113303,2.277101402
2114,11/26/2020,23.54810875,30.36511806
2115,11/27/2020,24.26432425,68.1262668
2116,11/28/2020,27.13983468,9.861244049
2117,11/29/2020,28.90434503,1.448515483
2118,11/30/2020,30.08699437,1.706810542
2119,12/1/2020,29.34839025,0.021731787
2120,12/2/2020,29.04839623,0
2121,12/3/2020,28.27308506,4.677176757
2122,12/4/2020,29.40311522,4.557926841
2123,12/5/2020,29.47599887,5.307970259
2124,12/6/2020,29.48194092,3.976613008
2125,12/7/2020,29.82156203,4.00934735
2126,12/8/2020,29.93897884,4.313995352
2127,12/9/2020,30.15937502,5.932572448
2128,12/10/2020,30.14991021,0.14270077
2129,12/11/2020,29.96559579,0
2130,12/12/2020,29.7406209,0
2131,12/13/2020,30.08479339,0
2132,12/14/2020,29.93382233,0
2133,12/15/2020,29.57034043,0
2134,12/16/2020,29.37545524,0
2135,12/17/2020,29.86844062,0.035125051
2136,12/18/2020,29.76616891,0.083658598
2137,12/19/2020,29.15344578,0.039903772
2138,12/20/2020,28.93858227,0.0147952
2139,12/21/2020,28.74951205,0
2140,12/22/2020,28.60856663,0
2141,12/23/2020,28.70645709,0
2142,12/24/2020,28.63698019,0
2143,12/25/2020,28.93048684,0
2144,12/26/2020,28.90756005,0
2145,12/27/2020,29.05546982,0
2146,12/28/2020,29.50565061,0
2147,12/29/2020,29.26126436,0
2148,12/30/2020,29.13044069,0
2149,12/31/2020,29.00206434,0.050708981
2150,1/1/2021,28.68621145,0
2151,1/2/2021,28.26645305,0
2152,1/3/2021,28.83129711,0.00582922
2153,1/4/2021,29.28571852,0
2154,1/5/2021,28.92795653,0.629719741
2155,1/6/2021,28.55264544,4.474708993
2156,1/7/2021,29.24108036,7.177397926
2157,1/8/2021,30.05051917,1.820494461
2158,1/9/2021,29.95314341,1.234191672
2159,1/10/2021,30.73300571,0
2160,1/11/2021,30.27014714,0
2161,1/12/2021,30.30970709,0
2162,1/13/2021,30.13773322,0
2163,1/14/2021,30.00643032,0
2164,1/15/2021,30.25478997,0
2165,1/16/2021,30.41719522,0
2166,1/17/2021,29.9883958,0
2167,1/18/2021,29.60780259,0
2168,1/19/2021,30.35584649,0
2169,1/20/2021,31.20630182,0
2170,1/21/2021,32.15090428,0
2171,1/22/2021,31.21603854,0
2172,1/23/2021,31.09007038,0
2173,1/24/2021,31.52254806,0
2174,1/25/2021,31.60782792,0
2175,1/26/2021,31.49443073,0
2176,1/27/2021,30.86140916,0
2177,1/28/2021,30.55282368,0
2178,1/29/2021,30.89860085,0.059702014
2179,1/30/2021,30.99102377,0.346439639
2180,1/31/2021,30.92316128,0.257553255
2181,2/1/2021,30.42614736,0.561691414
2182,2/2/2021,30.39490464,0
2183,2/3/2021,30.65007454,0.098107676
2184,2/4/2021,30.57054451,0.003789182
2185,2/5/2021,30.90580965,0
2186,2/6/2021,31.14237747,0
2187,2/7/2021,30.88516716,0
2188,2/8/2021,30.33254015,0
2189,2/9/2021,30.60189333,0
2190,2/10/2021,31.11419303,0
2191,2/11/2021,30.8545766,0
2192,2/12/2021,31.02435232,0
2193,2/13/2021,31.06843027,0
2194,2/14/2021,31.72438618,0
2195,2/15/2021,32.29057488,0
2196,2/16/2021,32.23455941,0
2197,2/17/2021,31.77426237,0
2198,2/18/2021,31.21048668,0
2199,2/19/2021,29.42910288,0.167331754
2200,2/20/2021,29.07471689,4.893497759
2201,2/21/2021,29.5713619,2.715004556
2202,2/22/2021,31.97304403,1.512995674
2203,2/23/2021,32.56901168,0
2204,2/24/2021,33.17394869,0
2205,2/25/2021,33.8426418,0
2206,2/26/2021,34.82077213,0
2207,2/27/2021,34.75289985,0
2208,2/28/2021,34.40647572,0
2209,3/1/2021,34.22403582,0
2210,3/2/2021,34.34125937,0
2211,3/3/2021,34.87284231,0
2212,3/4/2021,34.2487902,0
2213,3/5/2021,34.54567921,0
2214,3/6/2021,34.7699204,0
2215,3/7/2021,34.40245883,0
2216,3/8/2021,33.93722637,0
2217,3/9/2021,33.76667693,0
2218,3/10/2021,34.19990669,0
2219,3/11/2021,34.15407792,0
2220,3/12/2021,34.38209079,0
2221,3/13/2021,34.55469883,0
2222,3/14/2021,34.53193931,0
2223,3/15/2021,34.77776651,0
2224,3/16/2021,34.60124605,0
2225,3/17/2021,34.84847489,0
2226,3/18/2021,34.56256575,0
2227,3/19/2021,34.56348137,0
2228,3/20/2021,35.17359571,0
2229,3/21/2021,35.57549309,0.030397533
2230,3/22/2021,35.66877616,0
2231,3/23/2021,35.90693321,0
2232,3/24/2021,36.24808208,0
2233,3/25/2021,36.09934658,0
2234,3/26/2021,36.57682422,0.25839192
2235,3/27/2021,35.77456594,0
2236,3/28/2021,35.77119466,0.149716072
2237,3/29/2021,36.15079367,0
2238,3/30/2021,37.58829721,0
2239,3/31/2021,39.0957333,0
2240,4/1/2021,38.95099032,0
2241,4/2/2021,39.12057868,0
2242,4/3/2021,37.18861393,0
2243,4/4/2021,36.94723228,1.628626139
2244,4/5/2021,35.95017224,0.000603346
2245,4/6/2021,35.83811222,0.030397533
2246,4/7/2021,36.01487729,0
2247,4/8/2021,35.85784667,0
2248,4/9/2021,35.46649464,0.3090596
2249,4/10/2021,35.25859186,0
2250,4/11/2021,35.9220325,0.347976526
2251,4/12/2021,36.16167991,0
2252,4/13/2021,36.15439505,0.906129532
2253,4/14/2021,36.06393536,0.332042471
2254,4/15/2021,33.90476851,7.767817667
2255,4/16/2021,35.78884019,0.028345371
2256,4/17/2021,36.39991025,0.030397533
2257,4/18/2021,36.61233211,0
2258,4/19/2021,37.19048014,0.483033571
2259,4/20/2021,36.69929037,1.639883749
2260,4/21/2021,36.61295751,1.675217399
2261,4/22/2021,36.51348408,0.586961745
2262,4/23/2021,36.21974484,0.9499093
2263,4/24/2021,36.33897614,6.104160617
2264,4/25/2021,37.03124278,0.2715679
2265,4/26/2021,36.40670131,0
2266,4/27/2021,36.71426869,0
2267,4/28/2021,37.18648309,0.919601592
2268,4/29/2021,36.91294116,0.309025549
2269,4/30/2021,36.37633386,0.41474918
2270,5/1/2021,35.95818072,0.277526281
2271,5/2/2021,36.31310921,0.394815498
2272,5/3/2021,36.19746964,0.340802293
2273,5/4/2021,36.58722988,0.49066103
2274,5/5/2021,36.70362152,1.517080698
2275,5/6/2021,36.4976892,2.80778992
2276,5/7/2021,36.59029769,0.112916573
2277,5/8/2021,36.85172702,1.059919707
2278,5/9/2021,36.72854167,0.482831412
2279,5/10/2021,37.17640664,0.200869472
2280,5/11/2021,37.68549309,0.46015442
2281,5/12/2021,36.69635885,13.72706976
2282,5/13/2021,36.84687982,0.068969249
2283,5/14/2021,36.98627188,1.577339016
2284,5/15/2021,36.13067145,1.530425535
2285,5/16/2021,34.90852888,2.445603086
2286,5/17/2021,36.42709111,4.230817232
2287,5/18/2021,36.9602326,0.947827241
2288,5/19/2021,37.00308013,0.422696519
2289,5/20/2021,36.69750526,4.578226964
2290,5/21/2021,36.27981,5.739770298
2291,5/22/2021,33.92590804,19.03279815
2292,5/23/2021,35.31794878,4.108631494
2293,5/24/2021,34.70221027,1.742186458
2294,5/25/2021,36.9432581,0.006135574
2295,5/26/2021,39.63850854,0.780594999
2296,5/27/2021,38.34195749,0.66182667
2297,5/28/2021,38.7639352,1.101123687
2298,5/29/2021,38.91621503,0.37360626
2299,5/30/2021,38.58872464,1.740059786
2300,5/31/2021,37.86755287,0.085079752
2301,6/1/2021,37.86995121,3.326223175
2302,6/2/2021,37.36866902,1.045618268
2303,6/3/2021,34.33715522,9.37418617
2304,6/4/2021,35.19638183,10.79583116
2305,6/5/2021,35.3598084,10.26347407
2306,6/6/2021,35.76444371,8.152731554
2307,6/7/2021,36.33468402,1.335122925
2308,6/8/2021,37.42624184,1.70670977
2309,6/9/2021,36.53666334,1.807654118
2310,6/10/2021,34.40656994,1.434331293
2311,6/11/2021,32.65107295,6.299447662
2312,6/12/2021,33.95229341,1.017620647
2313,6/13/2021,33.63188915,3.112031454
2314,6/14/2021,32.74636674,3.420452713
2315,6/15/2021,34.51485345,0.923940336
2316,6/16/2021,35.42438318,0.104745572
2317,6/17/2021,34.61367398,1.159744256
2318,6/18/2021,33.85380178,2.038473002
2319,6/19/2021,35.05838451,0.693086668
2320,6/20/2021,35.76754605,0.625019136
2321,6/21/2021,37.20304777,0.000603346
2322,6/22/2021,35.94933159,0.058368965
2323,6/23/2021,34.37038936,2.511309222
2324,6/24/2021,33.81460396,11.18121429
2325,6/25/2021,35.39975781,1.680765792
2326,6/26/2021,34.53070833,0.609299118
2327,6/27/2021,32.24142173,9.009264392
2328,6/28/2021,33.97608935,5.308430105
2329,6/29/2021,34.93378785,0.152416122
2330,6/30/2021,36.20276703,0.418997323
2331,7/1/2021,33.55093414,8.688325431
2332,7/2/2021,32.18653038,5.98146818
2333,7/3/2021,34.12921774,9.302846387
2334,7/4/2021,34.89564593,3.969393144
2335,7/5/2021,34.81917026,11.13586289
2336,7/6/2021,34.92418376,2.585737057
2337,7/7/2021,35.1627383,4.328907484
2338,7/8/2021,32.28227951,17.15368514
2339,7/9/2021,33.11182748,6.191568603
2340,7/10/2021,32.64259369,11.32280984
2341,7/11/2021,30.42096671,7.572743684
2342,7/12/2021,30.96269939,10.0224756
2343,7/13/2021,29.89318364,8.373596756
2344,7/14/2021,30.80252081,11.14305547
2345,7/15/2021,30.73607162,14.13138381
2346,7/16/2021,31.89417976,9.223933005
2347,7/17/2021,32.69228353,8.537265663
2348,7/18/2021,31.87943459,10.61821175
2349,7/19/2021,33.08748714,5.223177304
2350,7/20/2021,33.12490163,3.213963588
2351,7/21/2021,28.85460011,7.844429078
2352,7/22/2021,27.10996798,20.5409375
2353,7/23/2021,31.53364531,12.29241676
2354,7/24/2021,33.45091747,4.751295291
2355,7/25/2021,34.07281711,0.400946533
2356,7/26/2021,34.18081308,4.925548508
2357,7/27/2021,34.0578567,0.285494041
2358,7/28/2021,34.34905054,0.304253053
2359,7/29/2021,32.5279821,1.000587725
2360,7/30/2021,33.28113094,0.603933124
2361,7/31/2021,32.92098117,0.843046754
2362,8/1/2021,34.13505015,0.252102365
2363,8/2/2021,34.65860395,0.129710417
2364,8/3/2021,34.76087725,0.700557062
2365,8/4/2021,35.30993422,0.106716417
2366,8/5/2021,34.99239059,0.368045076
2367,8/6/2021,34.9925048,1.400307715
2368,8/7/2021,35.60426188,0.827443267
2369,8/8/2021,35.2309833,2.424738371
2370,8/9/2021,35.06789059,1.87789575
2371,8/10/2021,34.24718006,10.26216697
2372,8/11/2021,35.34799918,7.868713552
2373,8/12/2021,34.57983516,1.088197098
2374,8/13/2021,33.30466118,9.171784017
2375,8/14/2021,33.3191561,8.1973279
2376,8/15/2021,32.24250219,7.556267255
2377,8/16/2021,30.07980245,19.07943443
2378,8/17/2021,30.36745128,4.503033629
2379,8/18/2021,31.78486537,3.579843577
2380,8/19/2021,32.27424831,4.24887186
2381,8/20/2021,30.78458472,7.892911111
2382,8/21/2021,30.56761123,3.187772674
2383,8/22/2021,32.94605332,14.57732684
2384,8/23/2021,33.4371316,2.001987433
2385,8/24/2021,33.96965051,3.450418653
2386,8/25/2021,34.19714665,4.700797812
2387,8/26/2021,33.45450256,15.35201005
2388,8/27/2021,31.98004319,2.873020261
2389,8/28/2021,29.74331764,7.286474715
2390,8/29/2021,30.8398347,5.480477948
2391,8/30/2021,29.60335852,13.91196362
2392,8/31/2021,31.10049749,8.769966543
2393,9/1/2021,31.56712122,4.705171827
2394,9/2/2021,31.96557565,6.053873477
2395,9/3/2021,31.93943356,7.317759274
2396,9/4/2021,31.69154756,8.09314671
2397,9/5/2021,31.79044098,5.801843424
2398,9/6/2021,28.81800354,18.32445109
2399,9/7/2021,31.1629647,27.4942634
2400,9/8/2021,32.62434479,6.912775749
2401,9/9/2021,33.77735433,1.295239702
2402,9/10/2021,31.95563766,1.052711682
2403,9/11/2021,32.01907712,4.143761176
2404,9/12/2021,31.91226128,1.757706651
2405,9/13/2021,32.75652181,3.877608667
2406,9/14/2021,33.20817252,1.283035546
2407,9/15/2021,33.63234268,2.037789789
2408,9/16/2021,34.20823749,0.711215336
2409,9/17/2021,34.64841151,0.522375069
2410,9/18/2021,34.39101494,3.417818811
2411,9/19/2021,34.08266591,4.966321565
2412,9/20/2021,33.46679842,6.650307575
2413,9/21/2021,33.03442696,6.513452865
2414,9/22/2021,32.63504628,6.334989603
2415,9/23/2021,31.6122883,3.393359108
2416,9/24/2021,33.09186165,3.04868897
2417,9/25/2021,33.57656287,3.984324506
2418,9/26/2021,31.44596731,13.61174328
2419,9/27/2021,29.30626788,53.31115816
2420,9/28/2021,31.27510977,18.43729768
2421,9/29/2021,32.89759549,5.483573184
2422,9/30/2021,32.42741936,4.780110993
2423,10/1/2021,33.36232886,4.908916888
2424,10/2/2021,33.34489553,0.621775736
2425,10/3/2021,33.63629161,1.329073761
2426,10/4/2021,33.93069127,1.309799566
2427,10/5/2021,32.92670714,3.799605368
2428,10/6/2021,32.25185557,14.38936734
2429,10/7/2021,33.44013409,5.299159672
2430,10/8/2021,33.63001532,7.187369975
2431,10/9/2021,33.38755146,9.571193439
2432,10/10/2021,33.61361053,5.169965781
2433,10/11/2021,33.63649212,1.615894851
2434,10/12/2021,33.42385806,0.354037606
2435,10/13/2021,33.69120597,2.863680501
2436,10/14/2021,33.62080079,2.26991837
2437,10/15/2021,32.49204159,1.393429883
2438,10/16/2021,32.27640114,7.839525607
2439,10/17/2021,32.28641748,9.030053635
2440,10/18/2021,33.08732819,3.218785644
2441,10/19/2021,33.69750448,0.448139027
2442,10/20/2021,33.27137853,0.797180244
2443,10/21/2021,33.52509878,4.37230226
2444,10/22/2021,33.47951137,1.742185675
2445,10/23/2021,33.01016603,2.736234936
2446,10/24/2021,31.91790423,6.870820989
2447,10/25/2021,32.06078438,1.78239641
2448,10/26/2021,32.31144843,0.061788603
2449,10/27/2021,32.609391,0.008244464
2450,10/28/2021,30.90095387,0.07093014
2451,10/29/2021,30.05981307,1.818805999
2452,10/30/2021,31.33351512,15.20656097
2453,10/31/2021,31.60281655,5.195650796
2454,11/1/2021,29.52286414,7.767523023
2455,11/2/2021,28.36260974,15.3036563
2456,11/3/2021,29.16466258,6.26706179
2457,11/4/2021,28.9039689,7.336057657
2458,11/5/2021,29.72537741,2.282978144
2459,11/6/2021,29.97032652,1.312883962
2460,11/7/2021,28.55332236,13.59232498
2461,11/8/2021,29.54283671,5.643664206
2462,11/9/2021,29.21414938,0.619734136
2463,11/10/2021,29.03263306,1.478259035
2464,11/11/2021,26.54858737,13.95680403
2465,11/12/2021,27.65405605,26.79839949
2466,11/13/2021,29.54493529,17.53873789
2467,11/14/2021,30.24823023,7.844069765
2468,11/15/2021,30.59738811,7.773890347
2469,11/16/2021,30.65191868,10.39270771
2470,11/17/2021,30.51190688,4.351870975
2471,11/18/2021,27.7697639,11.79890666
2472,11/19/2021,26.87223929,35.20558696
2473,11/20/2021,29.40798836,14.70485571
2474,11/21/2021,30.13366588,8.928074582
2475,11/22/2021,31.55248968,5.548588971
2476,11/23/2021,32.01297491,4.470166591
2477,11/24/2021,31.63265021,2.22747177
2478,11/25/2021,30.77323226,1.584226701
2479,11/26/2021,30.84676026,0.132199052
2480,11/27/2021,29.04549343,0.903475882
2481,11/28/2021,27.30221845,6.900653802
2482,11/29/2021,28.45520294,17.55119222
2483,11/30/2021,29.66296139,7.704734734
2484,12/1/2021,29.36628023,1.659701822
2485,12/2/2021,30.2264188,0
2486,12/3/2021,28.90781249,0
2487,12/4/2021,30.41107801,0.779314943
2488,12/5/2021,31.29069489,0.841401816
2489,12/6/2021,31.18119189,0.001913015
2490,12/7/2021,31.22429108,0
2491,12/8/2021,30.45658097,0.023213842
2492,12/9/2021,28.57285234,1.084095647
2493,12/10/2021,30.32600627,1.974654059
2494,12/11/2021,30.59832071,0.522614859
2495,12/12/2021,30.12491285,2.035632003
2496,12/13/2021,29.1751139,0.271610375
2497,12/14/2021,29.30048428,2.439267985
2498,12/15/2021,28.62266831,0.094627041
2499,12/16/2021,29.04227545,0
2500,12/17/2021,28.89284684,0
2501,12/18/2021,28.91769178,0
2502,12/19/2021,29.01249028,0
2503,12/20/2021,28.95794708,0
2504,12/21/2021,28.76926903,0
2505,12/22/2021,29.32577408,0
2506,12/23/2021,29.79818677,0
2507,12/24/2021,29.76159747,0
2508,12/25/2021,29.91531762,0
2509,12/26/2021,29.80758461,0
2510,12/27/2021,29.58742499,0
2511,12/28/2021,29.87251773,0
2512,12/29/2021,29.57788419,0.387427606
2513,12/30/2021,29.19450641,0.490351057
2514,12/31/2021,28.97771551,1.256087388
2515,1/1/2022,29.10750324,1.159826458
2516,1/2/2022,29.19930822,0.041673485
2517,1/3/2022,28.98081885,0
2518,1/4/2022,28.92393959,0
2519,1/5/2022,29.27174441,0
2520,1/6/2022,29.52114607,0
2521,1/7/2022,29.79213481,0
2522,1/8/2022,29.60815879,0
2523,1/9/2022,29.69780886,0
2524,1/10/2022,29.88702843,0.176135656
2525,1/11/2022,30.04952917,0
2526,1/12/2022,29.64694347,0.033175009
2527,1/13/2022,28.5638657,6.180107137
2528,1/14/2022,28.53773,14.0085258
2529,1/15/2022,29.2123262,3.394051318
2530,1/16/2022,28.89566347,1.410937497
2531,1/17/2022,28.49213074,1.254759951
2532,1/18/2022,29.01883822,0.581793818
2533,1/19/2022,29.53485879,0
2534,1/20/2022,30.04020516,0
2535,1/21/2022,31.03156357,0
2536,1/22/2022,31.61082536,0.037101353
2537,1/23/2022,31.3193263,0
2538,1/24/2022,30.50322572,0.484884233
2539,1/25/2022,30.21810781,0.429962475
2540,1/26/2022,28.65092297,0.280304714
2541,1/27/2022,29.23435768,0.220913258
2542,1/28/2022,29.17335994,0.422954893
2543,1/29/2022,29.03379126,0
2544,1/30/2022,30.38259377,0
2545,1/31/2022,30.77268148,0
2546,2/1/2022,30.96278918,0
2547,2/2/2022,31.35025412,0
2548,2/3/2022,30.85387771,0
2549,2/4/2022,31.24225779,0
2550,2/5/2022,31.72208886,0
2551,2/6/2022,30.5616798,0
2552,2/7/2022,30.8472186,0
2553,2/8/2022,31.01486084,0
2554,2/9/2022,30.48572013,0
2555,2/10/2022,30.98858258,0
2556,2/11/2022,31.24728715,0
2557,2/12/2022,31.12280931,0.863408776
2558,2/13/2022,30.63304881,0
2559,2/14/2022,30.78832567,0
2560,2/15/2022,30.61855384,0
2561,2/16/2022,30.82466367,0
2562,2/17/2022,31.01233909,0
2563,2/18/2022,31.31662499,0
2564,2/19/2022,31.91720476,0
2565,2/20/2022,32.6694547,0
2566,2/21/2022,33.69618454,0
2567,2/22/2022,33.37260584,0
2568,2/23/2022,32.4946938,0.016209887
2569,2/24/2022,32.46629913,0
2570,2/25/2022,32.68970183,0
2571,2/26/2022,32.354494,0
2572,2/27/2022,32.66726341,0
2573,2/28/2022,33.7566879,0
2574,3/1/2022,34.01783032,0
2575,3/2/2022,33.61319174,0
2576,3/3/2022,33.30608933,0
2577,3/4/2022,33.31545445,0
2578,3/5/2022,33.69082444,0
2579,3/6/2022,33.34776534,0
2580,3/7/2022,33.45467407,0
2581,3/8/2022,34.33387598,0
2582,3/9/2022,34.51990294,0
2583,3/10/2022,34.82816823,0
2584,3/11/2022,34.78999738,0
2585,3/12/2022,35.08089968,0
2586,3/13/2022,35.3375684,0
2587,3/14/2022,35.79165716,0
2588,3/15/2022,36.0846149,0
2589,3/16/2022,36.96234249,0
2590,3/17/2022,36.82636439,0
2591,3/18/2022,35.50355049,0
2592,3/19/2022,35.12731815,0
2593,3/20/2022,35.07374438,0.201701002
2594,3/21/2022,36.10950455,0
2595,3/22/2022,35.99673497,1.693390907
2596,3/23/2022,35.19099873,0.065868181
2597,3/24/2022,34.94046597,0.027125593
2598,3/25/2022,35.24592019,0
2599,3/26/2022,35.58531968,0
2600,3/27/2022,35.75313403,0
2601,3/28/2022,36.01974461,0
2602,3/29/2022,36.3068603,0
2603,3/30/2022,36.55243957,0
2604,3/31/2022,36.19467945,0
2605,4/1/2022,35.80787283,0.065868181
2606,4/2/2022,35.48053852,0
2607,4/3/2022,35.71466009,0
2608,4/4/2022,35.65294003,0
2609,4/5/2022,35.60927166,0
2610,4/6/2022,35.98790518,0
2611,4/7/2022,36.10009956,0.001652198
2612,4/8/2022,35.99143506,0
2613,4/9/2022,35.98117846,0
2614,4/10/2022,35.69659326,0.170415538
2615,4/11/2022,36.03437224,0
2616,4/12/2022,36.33303657,0
2617,4/13/2022,36.44886105,0
2618,4/14/2022,36.60799365,0
2619,4/15/2022,36.65622897,0
2620,4/16/2022,36.79391056,0
2621,4/17/2022,36.39409125,0.356373371
2622,4/18/2022,37.21698526,0.146929173
2623,4/19/2022,37.13338032,0.894884602
2624,4/20/2022,37.27544833,0.78076252
2625,4/21/2022,36.90340035,0.12159782
2626,4/22/2022,36.98303001,0
2627,4/23/2022,36.73510571,0.24244446
2628,4/24/2022,38.09670548,0.815711833
2629,4/25/2022,37.763236,0.018909312
2630,4/26/2022,37.7157834,0.568104938
2631,4/27/2022,37.83943703,0.013542544
2632,4/28/2022,37.86533958,0.42143045
2633,4/29/2022,38.30405019,0.051802469
2634,4/30/2022,38.92080803,0.056571314
2635,5/1/2022,38.60819512,0
2636,5/2/2022,38.10007941,1.777272085
2637,5/3/2022,37.61856084,3.746740831
2638,5/4/2022,35.91747118,1.224479323
2639,5/5/2022,37.41128996,0.929308664
2640,5/6/2022,37.40987774,2.674668023
2641,5/7/2022,37.69467546,3.647658898
2642,5/8/2022,37.4903603,0.449714879
2643,5/9/2022,37.80776728,1.719951088
2644,5/10/2022,32.62867813,1.996263166
2645,5/11/2022,30.14840388,21.05738698
2646,5/12/2022,31.49738528,23.61228336
2647,5/13/2022,34.55892888,3.182387977
2648,5/14/2022,36.30965199,0.393339127
2649,5/15/2022,36.44102489,0.344233754
2650,5/16/2022,35.96620477,2.555164589
2651,5/17/2022,35.65858448,2.046147627
2652,5/18/2022,35.3271684,2.355690739
2653,5/19/2022,34.37469234,2.294403828
2654,5/20/2022,34.21886925,2.321964706
2655,5/21/2022,36.01804229,0
2656,5/22/2022,37.50189973,0
2657,5/23/2022,38.54332634,0
2658,5/24/2022,38.71482166,0.555242207
2659,5/25/2022,36.58721542,14.88324714
2660,5/26/2022,37.85764027,0.09362192
2661,5/27/2022,36.11524508,3.453285801
2662,5/28/2022,38.9325273,0.163828328
2663,5/29/2022,39.17338926,0.11729315
2664,5/30/2022,38.54563032,0.392892058
2665,5/31/2022,38.74139469,1.615000711
2666,6/1/2022,38.98512221,0.947547438
2667,6/2/2022,39.38695557,0.027452654
2668,6/3/2022,39.13234134,0.628230588
2669,6/4/2022,38.96416113,1.538762857
2670,6/5/2022,37.99992511,0
2671,6/6/2022,32.77674155,9.893554331
2672,6/7/2022,36.6482855,5.944147569
2673,6/8/2022,38.41248468,0
2674,6/9/2022,38.18841741,0.023626595
2675,6/10/2022,37.48360918,0.065921193
2676,6/11/2022,37.32209427,0.353106914
2677,6/12/2022,37.62763519,1.372407427
2678,6/13/2022,37.03928027,5.48319581
2679,6/14/2022,38.15260903,1.562240119
2680,6/15/2022,35.10488295,8.506591973
2681,6/16/2022,35.1026128,7.778429986
2682,6/17/2022,35.00742336,8.887534615
2683,6/18/2022,34.49125926,2.636544881
2684,6/19/2022,34.18961307,3.211964213
2685,6/20/2022,34.57971619,7.803290892
2686,6/21/2022,32.16854351,6.759258117
2687,6/22/2022,33.25541891,6.733881171
2688,6/23/2022,34.85038168,2.573701753
2689,6/24/2022,33.45615566,3.813893203
2690,6/25/2022,33.01570247,8.615595837
2691,6/26/2022,33.65610632,6.51768679
2692,6/27/2022,31.83088791,7.598019251
2693,6/28/2022,31.37270421,9.322293367
2694,6/29/2022,34.18550634,2.571385177
2695,6/30/2022,34.2948428,3.166313944
2696,7/1/2022,34.97131378,8.441334064
2697,7/2/2022,33.50867228,5.058054668
2698,7/3/2022,33.76464468,6.083666451
2699,7/4/2022,32.32098627,9.523660883
2700,7/5/2022,32.31451697,4.759484505
2701,7/6/2022,31.02347536,14.36116795
2702,7/7/2022,31.13789785,3.636568626
2703,7/8/2022,29.15468231,5.0717928
2704,7/9/2022,29.29841655,17.51598873
2705,7/10/2022,29.61671597,10.30445558
2706,7/11/2022,29.15221517,3.781532526
2707,7/12/2022,29.39414811,11.56354796
2708,7/13/2022,29.38329093,3.817140825
2709,7/14/2022,31.96648479,3.116536332
2710,7/15/2022,33.16965905,0.754051305
2711,7/16/2022,32.95684508,0.612175768
2712,7/17/2022,31.56330848,5.615548519
2713,7/18/2022,30.88310274,18.17679463
2714,7/19/2022,34.17903609,3.027483154
2715,7/20/2022,34.30599401,1.643183604
2716,7/21/2022,34.07071771,5.673947661
2717,7/22/2022,29.65953755,13.30677166
2718,7/23/2022,31.38122283,15.8688666
2719,7/24/2022,32.50672851,1.264585419
2720,7/25/2022,33.00329537,4.159876773
2721,7/26/2022,29.59602292,7.920285214
2722,7/27/2022,32.65694722,7.141528618
2723,7/28/2022,33.87129559,0.123377277
2724,7/29/2022,34.37456365,0.066178223
2725,7/30/2022,34.22337887,2.338805314
2726,7/31/2022,34.19888011,3.016336
2727,8/1/2022,34.40908505,5.69806674
2728,8/2/2022,33.70083691,10.98831875
2729,8/3/2022,32.4342472,14.24623437
2730,8/4/2022,32.03076659,7.713516329
2731,8/5/2022,31.6731209,10.30808374
2732,8/6/2022,31.18479991,10.25230886
2733,8/7/2022,30.32090859,8.372809362
2734,8/8/2022,30.01019505,11.42111162
2735,8/9/2022,30.4750541,6.270159861
2736,8/10/2022,32.32821562,1.108984076
2737,8/11/2022,33.45839707,0.207443386
2738,8/12/2022,33.52310554,0.683920288
2739,8/13/2022,32.69799458,0.079555297
2740,8/14/2022,29.69834893,4.609189143
2741,8/15/2022,32.05415211,2.398660092
2742,8/16/2022,33.75577007,2.942413825
2743,8/17/2022,34.32249632,2.413444332
2744,8/18/2022,34.07060738,5.120949359
2745,8/19/2022,32.3341466,3.860385676
2746,8/20/2022,34.00181644,3.943487817
2747,8/21/2022,34.36790305,0.71241662
2748,8/22/2022,34.55723387,0.652524478
2749,8/23/2022,35.04595462,1.205084281
2750,8/24/2022,32.43832174,3.6230292
2751,8/25/2022,34.28811504,5.886627745
2752,8/26/2022,34.01590684,11.01628779
2753,8/27/2022,33.65510096,8.504157265
2754,8/28/2022,32.56842966,7.379597709
2755,8/29/2022,32.90637502,14.80659398
2756,8/30/2022,33.1405318,4.535661028
2757,8/31/2022,32.89427588,1.735163966
2758,9/1/2022,32.866493,1.620644756
2759,9/2/2022,32.95071941,3.600242072
2760,9/3/2022,34.19353971,1.287645677
2761,9/4/2022,34.38901866,1.990013841
2762,9/5/2022,34.40637743,4.335397053
2763,9/6/2022,34.24521012,5.97576903
2764,9/7/2022,31.24611928,6.22347352
2765,9/8/2022,28.85486749,15.69318689
2766,9/9/2022,29.99832892,19.53842189
2767,9/10/2022,29.8788735,24.11784006
2768,9/11/2022,31.0067702,21.35373277
2769,9/12/2022,32.07042948,3.25868499
2770,9/13/2022,32.30022378,9.650657621
2771,9/14/2022,31.88287379,0.558752611
2772,9/15/2022,32.36751509,5.205801601
2773,9/16/2022,33.8371288,0.876590143
2774,9/17/2022,34.13152634,0.121507734
2775,9/18/2022,34.00950276,0.503292189
2776,9/19/2022,29.8393929,6.59701074
2777,9/20/2022,32.19596561,6.937058618
2778,9/21/2022,33.26656825,0.520535784
2779,9/22/2022,32.10139061,1.06089029
2780,9/23/2022,34.06653352,2.591118274
2781,9/24/2022,34.33285576,4.467010059
2782,9/25/2022,34.44870899,1.287880349
2783,9/26/2022,32.46502671,4.279005347
2784,9/27/2022,33.12462143,4.630748737
2785,9/28/2022,32.57061637,3.467134722
2786,9/29/2022,31.86446657,7.439809153
2787,9/30/2022,30.40285544,6.749247556
2788,10/1/2022,29.19444936,10.15784903
2789,10/2/2022,32.0931464,11.78339883
2790,10/3/2022,32.05836871,4.399290361
2791,10/4/2022,31.13322696,0.661612046
2792,10/5/2022,30.9985876,5.1888233
2793,10/6/2022,28.9216296,31.94330145
2794,10/7/2022,30.80380586,18.08561383
2795,10/8/2022,31.29361194,8.364025156
2796,10/9/2022,29.62563954,8.347780267
2797,10/10/2022,29.19440479,18.84667004
2798,10/11/2022,31.08329229,9.58312183
2799,10/12/2022,32.15520339,5.328592255
2800,10/13/2022,32.33253924,7.111322931
2801,10/14/2022,30.81211025,8.264159148
2802,10/15/2022,29.57091083,23.93396029
2803,10/16/2022,31.78198318,11.83510488
2804,10/17/2022,32.84912378,3.655722137
2805,10/18/2022,33.1808039,2.508197966
2806,10/19/2022,32.87382627,3.919215732
2807,10/20/2022,32.55471474,1.61435995
2808,10/21/2022,32.42410995,1.601356416
2809,10/22/2022,32.20076853,2.099525458
2810,10/23/2022,32.48318256,0
2811,10/24/2022,32.59564061,0
2812,10/25/2022,32.94470671,0
2813,10/26/2022,32.83215809,0
2814,10/27/2022,32.28903521,0
2815,10/28/2022,31.14505049,0.069781054
2816,10/29/2022,31.67364223,1.253313285
2817,10/30/2022,31.57386959,0.764405303
2818,10/31/2022,30.48458366,0
2819,11/1/2022,28.30975667,8.853649838
2820,11/2/2022,29.41030769,9.138052303
2821,11/3/2022,30.17611425,4.765279032
2822,11/4/2022,31.75702752,2.056682921
2823,11/5/2022,31.62630565,3.417039561
2824,11/6/2022,31.6027632,0.25184241
2825,11/7/2022,31.52038149,0
2826,11/8/2022,31.72211484,0
2827,11/9/2022,31.55495123,0
2828,11/10/2022,30.91310328,0.318633635
2829,11/11/2022,29.86693508,1.673185551
2830,11/12/2022,30.11077076,6.338340058
2831,11/13/2022,29.98470685,5.865649518
2832,11/14/2022,30.14199783,8.815928242
2833,11/15/2022,30.41950795,1.927981551
2834,11/16/2022,30.85212976,0
2835,11/17/2022,31.06939859,0
2836,11/18/2022,30.31422575,0
2837,11/19/2022,30.17730494,0
2838,11/20/2022,28.42502267,0
2839,11/21/2022,26.62242302,1.026559687
2840,11/22/2022,28.78348234,0.340657262
2841,11/23/2022,30.18980051,6.902754799
2842,11/24/2022,30.87418758,3.325518205
2843,11/25/2022,30.13864463,1.661772697
2844,11/26/2022,30.71342428,1.566665495
2845,11/27/2022,30.69524729,0.2020317
2846,11/28/2022,30.46657878,0.242046737
2847,11/29/2022,30.27525956,0
2848,11/30/2022,30.66716533,0
2849,12/1/2022,30.98797851,0.236590212
2850,12/2/2022,31.33925095,0.047964265
2851,12/3/2022,31.13334669,0.770501302
2852,12/4/2022,30.90205957,1.172049003
2853,12/5/2022,30.47087068,0.009325022
2854,12/6/2022,29.65467372,0
2855,12/7/2022,29.43549751,0
2856,12/8/2022,28.66809641,0
2857,12/9/2022,25.44006187,1.208213494
2858,12/10/2022,25.767385,26.27615811
2859,12/11/2022,27.61823331,22.20449447
2860,12/12/2022,28.31327378,12.23079707
2861,12/13/2022,30.22351027,5.546812306
2862,12/14/2022,30.88952572,1.206932338
2863,12/15/2022,30.79165271,0.130337074
2864,12/16/2022,31.12223647,0.005011936
2865,12/17/2022,30.5547332,0
2866,12/18/2022,29.27893292,0.02551767
2867,12/19/2022,29.43984639,0.004124723
2868,12/20/2022,29.89658197,0
2869,12/21/2022,29.19711196,0
2870,12/22/2022,29.47652062,0
2871,12/23/2022,29.80524036,0
2872,12/24/2022,30.00504197,0
2873,12/25/2022,29.70828304,0.363138143
2874,12/26/2022,30.29394199,2.579302072
2875,12/27/2022,31.31336515,0.803136803
2876,12/28/2022,32.14141573,0.029340475
2877,12/29/2022,31.92061998,0
2878,12/30/2022,31.40908614,0
2879,12/31/2022,31.29975158,0
2880,1/1/2023,31.00817169,0
2881,1/2/2023,30.33192716,0.007945613
2882,1/3/2023,30.22718169,0.235417117
2883,1/4/2023,29.76325494,0.037889781
2884,1/5/2023,28.81007224,1.551974546
2885,1/6/2023,28.87902471,0.093610007
2886,1/7/2023,28.81531915,0
2887,1/8/2023,29.08625386,0.023672321
2888,1/9/2023,29.25930014,0
2889,1/10/2023,29.86461379,0
2890,1/11/2023,30.53494475,0
2891,1/12/2023,30.30368821,0
2892,1/13/2023,30.30702236,0
2893,1/14/2023,30.6430153,0
2894,1/15/2023,30.61440669,0
2895,1/16/2023,30.74994242,0
2896,1/17/2023,30.44369688,0
2897,1/18/2023,30.44724727,0
2898,1/19/2023,30.25003695,0
2899,1/20/2023,29.94739641,0
2900,1/21/2023,30.20904635,0
2901,1/22/2023,30.06826935,0
2902,1/23/2023,30.22095598,0
2903,1/24/2023,30.75015038,0
2904,1/25/2023,30.86874973,0
2905,1/26/2023,31.00040998,0
2906,1/27/2023,31.53702071,0
2907,1/28/2023,31.69943927,0
2908,1/29/2023,30.95844289,0
2909,1/30/2023,30.63631718,0.01469018
2910,1/31/2023,31.04535859,0.047318267
2911,2/1/2023,31.36522526,0.116420676
2912,2/2/2023,30.91847274,0
2913,2/3/2023,31.09196831,0
2914,2/4/2023,31.94847508,0
2915,2/5/2023,32.08870351,0
2916,2/6/2023,32.13923398,0
2917,2/7/2023,32.16648483,0
2918,2/8/2023,32.38534718,0
2919,2/9/2023,32.77493469,0
2920,2/10/2023,33.40177688,0
2921,2/11/2023,33.57419419,0
2922,2/12/2023,34.05545075,0
2923,2/13/2023,33.9968079,0
2924,2/14/2023,33.53948167,0
2925,2/15/2023,33.74250343,0
2926,2/16/2023,33.26491659,0
2927,2/17/2023,32.47032347,0
2928,2/18/2023,32.31932726,0
2929,2/19/2023,32.54122863,0.053483414
2930,2/20/2023,33.30423716,0
2931,2/21/2023,34.2408068,0
2932,2/22/2023,34.46929138,0
2933,2/23/2023,33.81167944,0
2934,2/24/2023,34.1105982,0
2935,2/25/2023,34.3868823,0
2936,2/26/2023,33.74302102,0
2937,2/27/2023,33.35528365,0
2938,2/28/2023,34.00501529,0
2939,3/1/2023,33.85655243,0
2940,3/2/2023,34.65325401,0
2941,3/3/2023,35.05046369,0
2942,3/4/2023,35.23527962,0
2943,3/5/2023,35.24007923,0
2944,3/6/2023,35.07195191,0
2945,3/7/2023,33.58994999,0
2946,3/8/2023,33.93955579,0
2947,3/9/2023,33.20360139,0
2948,3/10/2023,34.08886509,0
2949,3/11/2023,33.5896458,0
2950,3/12/2023,34.30006487,0
2951,3/13/2023,35.55407742,0
2952,3/14/2023,35.40155564,0
2953,3/15/2023,33.93813172,0
2954,3/16/2023,33.74475908,0.034717521
2955,3/17/2023,30.56291609,6.44163063
2956,3/18/2023,31.64219039,3.153492857
2957,3/19/2023,30.32923375,27.05213678
2958,3/20/2023,32.21675485,6.317368737
2959,3/21/2023,33.3834077,2.463313692
2960,3/22/2023,34.01119198,2.822930672
2961,3/23/2023,34.15929659,1.556274223
2962,3/24/2023,34.83624523,1.919156353
2963,3/25/2023,34.47252143,1.274852073
2964,3/26/2023,34.44598042,1.276995005
2965,3/27/2023,35.41201371,0.049680057
2966,3/28/2023,35.24173367,1.638379183
2967,3/29/2023,35.03743844,0.464638333
2968,3/30/2023,34.9463401,0.290006311
2969,3/31/2023,35.05952351,0.04132764
2970,4/1/2023,34.94761878,0.112214411
2971,4/2/2023,34.97746236,1.062718008
2972,4/3/2023,35.58829915,2.851996265
2973,4/4/2023,35.36107869,0.513732048
2974,4/5/2023,35.97230992,0.392332242
2975,4/6/2023,35.81362277,0
2976,4/7/2023,35.30598753,1.650015609
2977,4/8/2023,35.32085411,0.518265962
2978,4/9/2023,36.01141895,0
2979,4/10/2023,37.01812934,0
2980,4/11/2023,37.46554454,0
2981,4/12/2023,38.72173055,0
2982,4/13/2023,38.72227417,0
2983,4/14/2023,38.98210731,0.003259708
2984,4/15/2023,38.81858071,0.04360893
2985,4/16/2023,39.29859569,0
2986,4/17/2023,38.97346838,0.047232486
2987,4/18/2023,38.77175014,0
2988,4/19/2023,38.38458747,0
2989,4/20/2023,38.04517146,0
2990,4/21/2023,37.28124938,0.017990583
2991,4/22/2023,36.45823776,1.013120974
2992,4/23/2023,35.11479477,3.812258506
2993,4/24/2023,35.89213156,2.564517111
2994,4/25/2023,35.65274713,0.174998963
2995,4/26/2023,35.52227915,3.413011681
2996,4/27/2023,35.97967644,0.058904025
2997,4/28/2023,36.54758719,0.703292044
2998,4/29/2023,35.87596944,1.82557918
2999,4/30/2023,35.3791318,5.521409078
3000,5/1/2023,30.2051347,20.55260185
3001,5/2/2023,32.8481173,9.566044
3002,5/3/2023,32.65287684,5.685963368
3003,5/4/2023,33.86942934,14.19124689
3004,5/5/2023,33.9343353,2.541571664
3005,5/6/2023,35.14787474,5.249430083
3006,5/7/2023,35.34053641,5.457744996
3007,5/8/2023,36.49731235,3.721623932
3008,5/9/2023,36.79334294,1.808096403
3009,5/10/2023,37.245505,0.29317117
3010,5/11/2023,37.27288821,0
3011,5/12/2023,38.21850707,0.814891774
3012,5/13/2023,38.14582355,0
3013,5/14/2023,39.62275041,0
