Date,Energy Required (MU),Energy Met (MU),Energy +/- (MU),Unrestricted Peak Demand (MW),Deficit/Surplus (MW)
14-May-20,176.24,176.24,0,8620,0
15-May-20,182.603,182.603,0,9071,0
16-May-20,183.144,183.144,0,9506,0
17-May-20,176.359,176.359,0,9055,0
18-May-20,171.235,171.235,0,8618,0
19-May-20,159.972,159.972,0,7789,0
20-May-20,171.84,171.84,0,8890,0
21-May-20,184.19,184.19,0,9649,0
22-May-20,188.531,188.531,0,10060,0
23-May-20,193.036,193.036,0,10029,0
24-May-20,191.773,191.773,0,9870,0
25-May-20,189.577,189.577,0,9955,0
26-May-20,191.607,191.607,0,10071,0
27-May-20,191.072,191.072,0,10101,0
28-May-20,192.597,192.597,0,10062,0
29-May-20,188.876,188.876,0,9880,0
30-May-20,182.423,182.423,0,9188,0
31-May-20,181.89,181.89,0,9317,0
1-Jun-20,175.281,175.281,0,8926,0
2-Jun-20,170.14,170.14,0,8676,0
3-Jun-20,171.931,171.931,0,8712,0
4-Jun-20,170.902,170.902,0,8227,0
5-Jun-20,178.317,178.317,0,8987,0
6-Jun-20,182.748,182.748,0,9423,0
7-Jun-20,178.523,178.523,0,9046,0
8-Jun-20,179.202,179.202,0,9096,0
9-Jun-20,173.703,173.703,0,9237,0
10-Jun-20,161.904,161.904,0,8525,0
11-Jun-20,139.959,139.959,0,6623,0
12-Jun-20,139.701,139.701,0,6432,0
13-Jun-20,146.602,146.602,0,7283,0
14-Jun-20,156.949,156.949,0,7406,0
15-Jun-20,166.807,166.807,0,8170,0
16-Jun-20,167.035,167.035,0,7980,0
17-Jun-20,164.292,164.292,0,7762,0
18-Jun-20,165.058,165.058,0,7821,0
19-Jun-20,166.835,166.835,0,7562,0
20-Jun-20,170.267,170.267,0,8353,0
21-Jun-20,168.413,168.413,0,7767,0
22-Jun-20,166.957,166.957,0,8278,0
23-Jun-20,173.804,173.804,0,8640,0
24-Jun-20,175.608,175.608,0,8812,0
25-Jun-20,170.469,170.469,0,8270,0
26-Jun-20,171.3,171.3,0,8470,0
27-Jun-20,173.57,173.57,0,8336,0
28-Jun-20,168.919,168.919,0,7842,0
29-Jun-20,167.849,167.849,0,8202,0
30-Jun-20,158.039,158.039,0,7472,0
1-Jul-20,157.01,157.01,0,7434,0
2-Jul-20,155.688,155.688,0,7342,0
3-Jul-20,153.228,153.228,0,7200,0
4-Jul-20,151.691,151.691,0,6675,0
5-Jul-20,140.957,140.957,0,6433,0
6-Jul-20,148.437,148.437,0,6986,0
7-Jul-20,161.707,161.707,0,7812,0
8-Jul-20,167.432,167.432,0,8500,0
9-Jul-20,151.452,151.452,0,7190,0
10-Jul-20,150.402,150.402,0,7178,0
11-Jul-20,148.866,148.866,0,7352,0
12-Jul-20,149.571,149.571,0,7090,0
13-Jul-20,152.899,152.899,0,7301,0
14-Jul-20,151.123,151.123,0,6879,0
15-Jul-20,151.123,151.123,0,6711,0
16-Jul-20,138.848,138.848,0,6619,0
17-Jul-20,145.783,145.783,0,6792,0
18-Jul-20,147.836,147.836,0,7016,0
19-Jul-20,147.667,147.667,0,6934,0
20-Jul-20,150.392,150.392,0,7050,0
21-Jul-20,152.885,152.885,0,7286,0
22-Jul-20,159.706,159.706,0,7454,0
23-Jul-20,154.239,154.239,0,7292,0
24-Jul-20,151.788,151.788,0,7049,0
25-Jul-20,151.415,151.415,0,6992,0
26-Jul-20,151.128,151.128,0,6932,0
27-Jul-20,160.463,160.463,0,7498,0
28-Jul-20,167.256,167.256,0,8296,0
29-Jul-20,163.448,163.448,0,7954,0
30-Jul-20,167.047,167.047,0,7960,0
31-Jul-20,170.448,170.448,0,8074,0
1-Aug-20,160.978,160.978,0,7320,0
2-Aug-20,154.868,154.868,0,7278,0
3-Aug-20,156.936,156.936,0,7220,0
4-Aug-20,147.904,147.904,0,6894,0
5-Aug-20,145.926,145.926,0,6646,0
6-Aug-20,155.727,155.727,0,7337,0
7-Aug-20,167.563,167.563,0,7978,0
8-Aug-20,170.982,170.982,0,8332,0
9-Aug-20,168.69,168.69,0,8045,0
10-Aug-20,158.644,158.644,0,7239,0
11-Aug-20,165.974,165.974,0,7712,0
12-Aug-20,163.215,163.215,0,7623,0
13-Aug-20,160.154,160.154,0,7479,0
14-Aug-20,157.766,157.766,0,7511,0
15-Aug-20,144.634,144.634,0,7189,0
16-Aug-20,142.5,142.5,0,6833,0
17-Aug-20,150.717,150.717,0,7175,0
18-Aug-20,160.673,160.673,0,7800,0
19-Aug-20,164.113,164.113,0,7945,0
20-Aug-20,163.207,163.207,0,7520,0
21-Aug-20,162.812,162.812,0,7770,0
22-Aug-20,162.822,162.822,0,7869,0
23-Aug-20,160.127,160.127,0,7605,0
24-Aug-20,163.474,163.474,0,7652,0
25-Aug-20,170.65,170.65,0,8051,0
26-Aug-20,171.49,171.49,0,7967,0
27-Aug-20,168.275,168.275,0,7805,0
28-Aug-20,176.606,176.606,0,8292,0
29-Aug-20,184.215,184.215,0,8730,0
30-Aug-20,185.424,185.424,0,8892,0
31-Aug-20,183.333,183.333,0,8717,0
1-Sep-20,178.243,178.243,0,8420,0
2-Sep-20,171.6,171.6,0,8091,0
3-Sep-20,172.61,172.61,0,8045,0
4-Sep-20,178.002,178.002,0,8266,0
5-Sep-20,182.685,182.685,0,8600,0
6-Sep-20,184.615,184.615,0,8782,0
7-Sep-20,191.515,191.515,0,9523,0
8-Sep-20,188.42,188.42,0,9060,0
9-Sep-20,189.961,189.961,0,9103,0
10-Sep-20,189.103,189.103,0,9043,0
11-Sep-20,182.745,182.745,0,8610,0
12-Sep-20,171.479,171.479,0,8140,0
13-Sep-20,146.407,146.407,0,6640,0
14-Sep-20,143.38,143.38,0,6927,0
15-Sep-20,150.459,150.459,0,7247,0
16-Sep-20,152.887,152.887,0,7228,0
17-Sep-20,157.362,157.362,0,7170,0
18-Sep-20,161.873,161.873,0,7391,0
19-Sep-20,151.047,151.047,0,6608,0
20-Sep-20,143.527,143.527,0,6574,0
21-Sep-20,146.984,146.984,0,7050,0
22-Sep-20,157.302,157.302,0,7237,0
23-Sep-20,165.873,165.873,0,7662,0
24-Sep-20,174.436,174.436,0,7391,0
25-Sep-20,175.284,175.284,0,8555,0
26-Sep-20,146.835,146.835,0,7015,0
27-Sep-20,147.504,147.504,0,7122,0
28-Sep-20,162.736,162.736,0,7490,0
29-Sep-20,164.085,164.085,0,7490,0
30-Sep-20,150.564,150.564,0,7088,0
1-Oct-20,147.913,147.913,0,7286,0
2-Oct-20,153.376,153.376,0,7224,0
3-Oct-20,155.231,155.231,0,7346,0
4-Oct-20,155.266,155.266,0,7131,0
5-Oct-20,164.591,164.591,0,7780,0
6-Oct-20,171.603,171.603,0,8176,0
7-Oct-20,172.86,172.86,0,8110,0
8-Oct-20,181.343,181.343,0,8450,0
9-Oct-20,178.997,178.997,0,8387,0
10-Oct-20,166.467,166.467,0,7707,0
11-Oct-20,145.691,145.691,0,6781,0
12-Oct-20,145.392,145.392,0,7129,0
13-Oct-20,134.499,134.499,0,7127,0
14-Oct-20,145.268,145.268,0,7192,0
15-Oct-20,150.935,150.935,0,7482,0
16-Oct-20,157.081,157.081,0,7547,0
17-Oct-20,158.125,158.125,0,7505,0
18-Oct-20,158.704,158.704,0,7396,0
19-Oct-20,159.718,159.718,0,7324,0
20-Oct-20,154.971,154.971,0,7453,0
21-Oct-20,151.579,151.579,0,7395,0
22-Oct-20,153.967,153.967,0,7442,0
23-Oct-20,155.202,155.202,0,7470,0
24-Oct-20,162.13,162.13,0,7450,0
25-Oct-20,158.295,158.295,0,7171,0
26-Oct-20,165.064,165.064,0,7558,0
27-Oct-20,171.226,171.226,0,8097,0
28-Oct-20,172.104,172.104,0,8003,0
29-Oct-20,170.757,170.757,0,8128,0
30-Oct-20,174.926,174.926,0,8315,0
31-Oct-20,178.885,178.885,0,8820,0
1-Nov-20,177.378,177.378,0,8660,0
2-Nov-20,185.361,185.361,0,9338,0
3-Nov-20,190.813,190.813,0,9490,0
4-Nov-20,183.685,183.685,0,9022,0
5-Nov-20,182.712,182.712,0,8951,0
6-Nov-20,178.948,178.948,0,8368,0
7-Nov-20,174.103,174.103,0,8107,0
8-Nov-20,168.92,168.92,0,7908,0
9-Nov-20,170.36,170.36,0,8256,0
10-Nov-20,170.888,170.888,0,8350,0
11-Nov-20,173.101,173.101,0,8618,0
12-Nov-20,163.506,163.506,0,7833,0
13-Nov-20,157.344,157.344,0,7560,0
14-Nov-20,157.322,157.322,0,7465,0
15-Nov-20,151.888,151.888,0,7343,0
16-Nov-20,153.392,153.392,0,7314,0
17-Nov-20,157.749,157.749,0,7414,0
18-Nov-20,162.735,162.735,0,7516,0
19-Nov-20,167.407,167.407,0,7772,0
20-Nov-20,171.265,171.265,0,7940,0
21-Nov-20,169.905,169.905,0,7933,0
22-Nov-20,167.701,167.701,0,8192,0
23-Nov-20,170.329,170.329,0,8159,0
24-Nov-20,166.756,166.756,0,8008,0
25-Nov-20,155.047,155.047,0,7522,0
26-Nov-20,122.289,122.289,0,5826,0
27-Nov-20,116.425,116.425,0,6286,0
28-Nov-20,127.705,127.705,0,6817,0
29-Nov-20,130.764,130.764,0,6607,0
30-Nov-20,135.534,135.534,0,6914,0
1-Dec-20,139.57,139.57,0,7090,0
2-Dec-20,147.129,147.129,0,7123,0
3-Dec-20,144.783,144.783,0,7124,0
4-Dec-20,146.805,146.805,0,7218,0
5-Dec-20,148.488,148.488,0,7115,0
6-Dec-20,145.897,145.897,0,6819,0
7-Dec-20,147.578,147.578,0,7111,0
8-Dec-20,147.842,147.842,0,7245,0
9-Dec-20,148.17,148.17,0,7247,0
10-Dec-20,149.401,149.401,0,7270,0
11-Dec-20,152.503,152.503,0,7442,0
12-Dec-20,151.495,151.495,0,7485,0
13-Dec-20,152.488,152.488,0,7544,0
14-Dec-20,156.129,156.129,0,7781,0
15-Dec-20,157.636,157.636,0,7916,0
16-Dec-20,159.731,159.731,0,8001,0
17-Dec-20,159.505,159.505,0,7848,0
18-Dec-20,163.197,163.197,0,8206,0
19-Dec-20,162.111,162.111,0,8176,0
20-Dec-20,154.765,154.765,0,7883,0
21-Dec-20,158.524,158.524,0,8166,0
22-Dec-20,161.476,161.476,0,8380,0
23-Dec-20,163.689,163.689,0,8610,0
24-Dec-20,164.706,164.706,0,8706,0
25-Dec-20,164.072,164.072,0,8701,0
26-Dec-20,163.972,163.972,0,8638,0
27-Dec-20,162.212,162.212,0,8668,0
28-Dec-20,166.979,166.979,0,8459,0
29-Dec-20,166.463,166.463,0,8714,0
30-Dec-20,165.789,165.789,0,8885,0
31-Dec-20,162.614,162.614,0,8934,0
1-Jan-21,157.856,157.856,0,8804,0
2-Jan-21,163.034,163.034,0,8648,0
3-Jan-21,157.587,157.587,0,8505,0
4-Jan-21,163.545,163.545,0,8774,0
5-Jan-21,166.158,166.158,0,8646,0
6-Jan-21,164.308,164.308,0,8383,0
7-Jan-21,156.495,156.495,0,7745,0
8-Jan-21,162.578,162.578,0,7881,0
9-Jan-21,159.575,159.575,0,7996,0
10-Jan-21,162.897,162.897,0,8296,0
11-Jan-21,169.102,169.102,0,8428,0
12-Jan-21,170.621,170.621,0,8578,0
13-Jan-21,166.338,166.338,0,8762,0
14-Jan-21,157.53,157.53,0,8837,0
15-Jan-21,157.945,157.945,0,8150,0
16-Jan-21,163.519,163.519,0,8320,0
17-Jan-21,167.971,167.971,0,8924,0
18-Jan-21,173.444,173.444,0,8690,0
19-Jan-21,179.581,179.581,0,8927,0
20-Jan-21,181.201,181.201,0,9118,0
21-Jan-21,185.549,185.549,0,9370,0
22-Jan-21,184.781,184.781,0,9432,0
23-Jan-21,183.929,183.929,0,9698,0
24-Jan-21,182.232,182.232,0,9766,0
25-Jan-21,183.754,183.754,0,9700,0
26-Jan-21,183.19,183.19,0,9714,0
27-Jan-21,187.125,187.125,0,9977,0
28-Jan-21,185.153,185.153,0,9930,0
29-Jan-21,185.861,185.861,0,9424,0
30-Jan-21,188.043,188.043,0,9442,0
31-Jan-21,181.991,181.991,0,9841,0
1-Feb-21,184.067,184.067,0,9638,0
2-Feb-21,183.701,183.701,0,9530,0
3-Feb-21,183.476,183.476,0,9380,0
4-Feb-21,185.265,185.265,0,10054,0
5-Feb-21,187.494,187.494,0,9831,0
6-Feb-21,187.101,187.101,0,9416,0
7-Feb-21,181.82,181.82,0,9363,0
8-Feb-21,187.493,187.493,0,9891,0
9-Feb-21,187.722,187.722,0,10039,0
10-Feb-21,190.476,190.476,0,10276,0
11-Feb-21,188.877,188.877,0,10325,0
12-Feb-21,191.096,191.096,0,10090,0
13-Feb-21,187.304,187.304,0,9486,0
14-Feb-21,186.718,186.718,0,9432,0
15-Feb-21,192.494,192.494,0,9908,0
16-Feb-21,194.505,194.505,0,10364,0
17-Feb-21,193.438,193.438,0,10272,0
18-Feb-21,193.707,193.707,0,9930,0
19-Feb-21,191.388,191.388,0,9958,0
20-Feb-21,176.973,176.973,0,9156,0
21-Feb-21,166.015,166.015,0,8309,0
22-Feb-21,175.986,175.986,0,8779,0
23-Feb-21,185.855,185.855,0,9173,0
24-Feb-21,191.864,191.864,0,9489,0
25-Feb-21,196.695,196.695,0,9745,0
26-Feb-21,201.872,201.872,0,9868,0
27-Feb-21,206.092,206.092,0,9934,0
28-Feb-21,202.647,202.647,0,9987,0
1-Mar-21,205.061,205.061,0,9917,0
2-Mar-21,207.874,207.874,0,10284,0
3-Mar-21,204.618,204.618,0,10056,0
4-Mar-21,204.637,204.637,0,10204,0
5-Mar-21,210.303,210.303,0,10131,0
6-Mar-21,209.74,209.74,0,10141,0
7-Mar-21,208.365,208.365,0,10183,0
8-Mar-21,210.243,210.243,0,10206,0
9-Mar-21,212.968,212.968,0,10412,0
10-Mar-21,212.174,212.174,0,10425,0
11-Mar-21,211.353,211.353,0,10724,0
12-Mar-21,206.803,206.803,0,10236,0
13-Mar-21,205.298,205.298,0,10007,0
14-Mar-21,209.271,209.271,0,10287,0
15-Mar-21,213.016,213.016,0,10421,0
16-Mar-21,217.741,217.741,0,10421,0
17-Mar-21,216.073,216.073,0,10354,0
18-Mar-21,214.938,214.938,0,10459,0
19-Mar-21,210.983,210.983,0,10224,0
20-Mar-21,210.658,210.658,0,10088,0
21-Mar-21,209.745,209.745,0,10211,0
22-Mar-21,216.062,216.062,0,10453,0
23-Mar-21,217.174,217.174,0,10280,0
24-Mar-21,216.841,216.841,0,10495,0
25-Mar-21,218.398,218.398,0,10426,0
26-Mar-21,219.334,219.334,0,10321,0
27-Mar-21,220.613,220.613,0,9768,0
28-Mar-21,218.63,218.63,0,10550,0
29-Mar-21,220.015,220.015,0,10243,0
30-Mar-21,221.152,221.152,0,10127,0
31-Mar-21,225.504,225.504,0,10357,0
1-Apr-21,226.218,226.218,0,10151,0
2-Apr-21,233.988,233.988,0,10696,0
3-Apr-21,231.412,231.412,0,10521,0
4-Apr-21,221.249,221.249,0,10035,0
5-Apr-21,225.779,225.779,0,10454,0
6-Apr-21,219.282,219.282,0,9894,0
7-Apr-21,221.445,221.445,0,10038,0
8-Apr-21,218.302,218.302,0,10013,0
9-Apr-21,217.787,217.787,0,9950,0
10-Apr-21,213.011,213.011,0,9451,0
11-Apr-21,213.943,213.943,0,9984,0
12-Apr-21,216.227,216.227,0,10096,0
13-Apr-21,210.795,210.795,0,9728,0
14-Apr-21,205.022,205.022,0,9598,0
15-Apr-21,177.434,177.434,0,8070,0
16-Apr-21,196.256,196.256,0,8311,0
17-Apr-21,202.729,202.729,0,8611,0
18-Apr-21,205.951,205.951,0,9281,0
19-Apr-21,209.751,209.751,0,9271,0
20-Apr-21,207.714,207.714,0,9351,0
21-Apr-21,208.239,208.239,0,9505,0
22-Apr-21,204.91,204.91,0,9324,0
23-Apr-21,192.944,192.944,0,8982,0
24-Apr-21,193.44,193.44,0,8561,0
25-Apr-21,195.736,195.736,0,8734,0
26-Apr-21,204.24,204.24,0,8835,0
27-Apr-21,204.83,204.83,0,8691,0
28-Apr-21,206.093,206.093,0,8842,0
29-Apr-21,205.909,205.909,0,8415,0
30-Apr-21,202.832,202.832,0,8857,0
1-May-21,195.006,195.006,0,8380,0
2-May-21,196.597,196.597,0,9746,0
3-May-21,201.195,201.195,0,8728,0
4-May-21,202.855,202.855,0,8703,0
5-May-21,200.58,200.58,0,8412,0
6-May-21,200.282,200.282,0,8658,0
7-May-21,202.051,202.051,0,8781,0
8-May-21,201.488,201.488,0,8780,0
9-May-21,201.238,201.238,0,8753,0
10-May-21,207.206,207.206,0,8978,0
11-May-21,195.417,195.417,0,8525,0
12-May-21,178.838,178.838,0,8580,0
13-May-21,188.203,188.203,0,8501,0
14-May-21,187.737,187.737,0,8138,0
15-May-21,186.801,186.801,0,8473,0
16-May-21,182.712,182.712,0,8232,0
17-May-21,189.108,189.108,0,8580,0
18-May-21,193.168,193.168,0,8696,0
19-May-21,196.338,196.338,0,8535,0
20-May-21,184.817,184.817,0,8230,0
21-May-21,170.552,170.552,0,7132,0
22-May-21,160.326,160.326,0,7318,0
23-May-21,161.008,161.008,0,7593,0
24-May-21,168.072,168.072,0,7838,0
25-May-21,172.456,172.456,0,7824,0
26-May-21,173.118,173.118,0,8358,0
27-May-21,181.87,181.87,0,8476,0
28-May-21,196.359,196.359,0,8813,0
29-May-21,203.429,203.429,0,8987,0
30-May-21,201.494,201.494,0,8884,0
31-May-21,204.241,204.241,0,8860,0
1-Jun-21,199.615,199.615,0,8923,0
2-Jun-21,194.267,194.267,0,8270,0
3-Jun-21,172.229,172.229,1.578,7919,0
4-Jun-21,174.788,174.788,0,8220,0
5-Jun-21,175.528,175.528,0,8043,0
6-Jun-21,173.891,173.891,0,8214,0
7-Jun-21,181.209,181.209,0,8457,0
8-Jun-21,186.715,186.715,0,8600,0
9-Jun-21,187.408,187.408,0,8396,0
10-Jun-21,182.663,182.663,0,7760,0
11-Jun-21,173.052,173.052,0,7778,0
12-Jun-21,170.794,170.794,0,7678,0
13-Jun-21,170.446,170.446,0,7569,0
14-Jun-21,175.092,175.092,0,7864,0
15-Jun-21,179.768,179.768,0,8227,0
16-Jun-21,185.825,185.825,0,8266,0
17-Jun-21,182.413,182.413,0,8121,0
18-Jun-21,184.79,184.79,0,8236,0
19-Jun-21,186.644,186.644,0,8436,0
20-Jun-21,187.759,187.759,0,8493,0
21-Jun-21,198.248,198.248,0,8633,0
22-Jun-21,203.296,203.296,0,8575,0
23-Jun-21,197.393,197.243,-0.15,8192,0
24-Jun-21,189.193,189.193,0,8241,0
25-Jun-21,192.276,192.213,-0.063,8717,0
26-Jun-21,195.282,195.282,0,8280,0
27-Jun-21,177.235,177.235,0,7896,0
28-Jun-21,179.624,179.624,0,7600,0
29-Jun-21,195.254,195.254,0,8165,0
30-Jun-21,199.25,199.25,0,8644,0
1-Jul-21,191.109,191.109,0,8214,0
2-Jul-21,179.588,179.588,0,7616,0
3-Jul-21,175.877,175.877,0,7799,0
4-Jul-21,172.499,172.499,0,7446,0
5-Jul-21,172.286,172.286,0,7802,0
6-Jul-21,183.705,179.44,-4.265,7905,0
7-Jul-21,182.438,182.438,0,7814,0
8-Jul-21,174.211,174.211,0,7870,0
9-Jul-21,170.263,170.263,0,7746,0
10-Jul-21,166.147,166.147,0,5804,0
11-Jul-21,160.768,160.768,0,7187,0
12-Jul-21,163.68,163.68,0,7574,0
13-Jul-21,164.361,164.361,0,7520,0
14-Jul-21,159.522,159.522,0,7461,0
15-Jul-21,154.06,154.06,0,7589,0
16-Jul-21,160.034,160.034,0,7661,0
17-Jul-21,162.907,162.907,0,7728,0
18-Jul-21,157.832,157.832,0,7247,0
19-Jul-21,161.689,161.689,0,7683,0
20-Jul-21,163.937,163.937,0,7432,0
21-Jul-21,156.614,156.614,0,7158,0
22-Jul-21,141.906,141.906,0,6790,0
23-Jul-21,148.515,148.515,0,6219,0
24-Jul-21,159.773,159.773,0,7569,0
25-Jul-21,168.862,168.862,0,7687,0
26-Jul-21,175.768,175.768,0,8145,0
27-Jul-21,186.702,186.702,0,8177,0
28-Jul-21,192.372,192.372,0,8450,0
29-Jul-21,194.669,194.669,0,8242,0
30-Jul-21,196.297,196.297,0,8375,0
31-Jul-21,196.598,196.598,0,8451,0
1-Aug-21,194.365,194.365,0,8850,0
2-Aug-21,205.86,205.86,0,9467,0
3-Aug-21,209.53,209.53,0,9684,0
4-Aug-21,213.805,213.805,0,9920,0
5-Aug-21,216.414,216.414,0,10120,0
6-Aug-21,216.551,216.551,0,10028,0
7-Aug-21,219.126,219.126,0,10212,0
8-Aug-21,214.649,214.649,0,9965,0
9-Aug-21,216.895,216.895,0,9137,0
10-Aug-21,201.205,201.205,0,8814,0
11-Aug-21,206.138,206.138,0,9186,0
12-Aug-21,212.175,212.175,0,9800,0
13-Aug-21,204.334,204.334,0,9354,0
14-Aug-21,194.17,194.17,0,9044,0
15-Aug-21,187.23,187.23,0,8772,0
16-Aug-21,185.127,185.127,0,8032,0
17-Aug-21,180.747,180.074,-0.673,7826,0
18-Aug-21,188.635,188.635,0,8186,0
19-Aug-21,195.48,195.48,0,8345,0
20-Aug-21,195.818,195.818,0,8766,0
21-Aug-21,187.833,187.833,0,8953,0
22-Aug-21,182.362,182.362,0,8235,0
23-Aug-21,189.102,189.102,0,8352,0
24-Aug-21,196.352,196.352,0,8641,0
25-Aug-21,194,194,0,8471,0
26-Aug-21,191.047,191.047,0,8503,0
27-Aug-21,191.653,191.653,0,8570,0
28-Aug-21,177.747,172.355,-5.392,7309,0
29-Aug-21,171.842,171.842,0,7637,0
30-Aug-21,173.301,173.301,0,7815,0
31-Aug-21,178.18,178.18,0,8093,0
1-Sep-21,181.449,181.449,0,8128,0
2-Sep-21,179.98,179.98,0,8183,0
3-Sep-21,177.12,177.12,0,8131,0
4-Sep-21,178.585,178.585,0,8169,0
5-Sep-21,172.05,172.05,0,7592,0
6-Sep-21,165.625,165.625,0,7668,0
7-Sep-21,168.725,168.725,0,7914,0
8-Sep-21,176.778,176.778,0,8173,0
9-Sep-21,186.519,186.519,0,8286,0
10-Sep-21,186.586,186.586,0,8793,0
11-Sep-21,183.608,183.608,0,8335,0
12-Sep-21,187.64,187.64,0,8637,0
13-Sep-21,194.055,194.055,0,8914,0
14-Sep-21,198.789,198.789,0,8998,0
15-Sep-21,205.149,205.149,0,9535,0
16-Sep-21,211.795,211.795,0,9814,0
17-Sep-21,212.37,212.37,0,9917,0
18-Sep-21,210.901,210.901,0,10066,0
19-Sep-21,204.992,204.992,0,9682,0
20-Sep-21,201.816,201.816,0,9594,0
21-Sep-21,205.745,205.745,0,9335,0
22-Sep-21,197.145,197.145,0,8900,0
23-Sep-21,198.593,198.593,0,8975,0
24-Sep-21,196.755,194.316,-2.439,8803,0
25-Sep-21,194.623,194.623,0,8856,0
26-Sep-21,182.787,182.787,0,8295,0
27-Sep-21,164.348,164.348,0,7525,0
28-Sep-21,181.967,181.967,0,8074,0
29-Sep-21,187.749,187.749,0,8265,0
30-Sep-21,189.445,188.623,-0.822,8420,0
1-Oct-21,189.609,189.609,0,8445,0
2-Oct-21,188.136,188.136,0,8155,0
3-Oct-21,191.059,191.059,0,8295,0
4-Oct-21,197.942,197.942,0,8578,0
5-Oct-21,195.654,195.654,0,8845,0
6-Oct-21,182.785,182.785,0,8041,0
7-Oct-21,182.204,180.908,-1.296,7822,0
8-Oct-21,182.879,180.189,-2.69,8260,0
9-Oct-21,176.058,175.157,-0.901,7990,0
10-Oct-21,176.61,176.61,0,7887,0
11-Oct-21,183.894,182.613,-1.281,7940,0
12-Oct-21,186.138,185.374,-0.764,7844,0
13-Oct-21,187.354,184.014,-3.34,8077,0
14-Oct-21,191.877,191.12,-0.757,8200,0
15-Oct-21,185.529,185.529,0,8490,0
16-Oct-21,182.026,182.026,0,7980,0
17-Oct-21,183.237,183.237,0,8103,0
18-Oct-21,191.894,191.894,0,8489,0
19-Oct-21,202.311,202.311,0,8720,0
20-Oct-21,201.652,201.652,0,8932,0
21-Oct-21,198.723,198.723,0,8659,0
22-Oct-21,199.248,199.248,0,8780,0
23-Oct-21,197.801,197.801,0,8827,0
24-Oct-21,182.71,182.71,0,7981,0
25-Oct-21,187.497,187.497,0,8165,0
26-Oct-21,190.234,190.234,0,8507,0
27-Oct-21,194.878,194.878,0,8831,0
28-Oct-21,196.151,196.151,0,8559,0
29-Oct-21,184.971,184.971,0,8764,0
30-Oct-21,176.119,176.119,0,8042,0
31-Oct-21,172.122,172.122,0,7734,0
1-Nov-21,167.158,167.158,0,7717,0
2-Nov-21,163.573,163.573,0,7765,0
3-Nov-21,160.907,160.907,0,7641,0
4-Nov-21,151.037,151.037,0,6864,0
5-Nov-21,156.208,156.208,0,7563,0
6-Nov-21,162.615,162.615,0,7626,0
7-Nov-21,159.975,159.975,0,7237,0
8-Nov-21,162.986,162.986,0,7554,0
9-Nov-21,166.005,166.005,0,7645,0
10-Nov-21,168.607,168.607,0,7624,0
11-Nov-21,153.563,153.563,0,7146,0
12-Nov-21,150.872,150.872,0,7323,0
13-Nov-21,151.693,151.693,0,7794,0
14-Nov-21,152.052,152.052,0,7341,0
15-Nov-21,156.769,156.769,0,7723,0
16-Nov-21,156.749,156.749,0,7695,0
17-Nov-21,155.024,155.024,0,7574,0
18-Nov-21,148.907,148.907,0,7183,0
19-Nov-21,141.222,141.222,0,7108,0
20-Nov-21,142.975,142.975,0,7218,0
21-Nov-21,140.158,140.158,0,7036,0
22-Nov-21,147.784,147.784,0,7526,0
23-Nov-21,154.243,154.243,0,7642,0
24-Nov-21,154.966,154.966,0,7584,0
25-Nov-21,155.437,155.437,0,7547,0
26-Nov-21,155.452,155.452,0,7598,0
27-Nov-21,153.21,153.21,0,7457,0
28-Nov-21,143.128,143.128,0,6827,0
29-Nov-21,142.25,142.25,0,7054,0
30-Nov-21,143.703,143.703,0,7248,0
1-Dec-21,144.974,144.974,0,7285,0
2-Dec-21,148.086,148.086,0,7247,0
3-Dec-21,148.716,148.513,-0.203,7191,0
4-Dec-21,150.157,150.157,0,7318,0
5-Dec-21,152.179,152.179,0,7233,0
6-Dec-21,162.468,162.468,0,7706,0
7-Dec-21,165.653,165.653,0,7687,0
8-Dec-21,165.617,165.617,0,7552,0
9-Dec-21,160.45,160.45,0,7502,0
10-Dec-21,158.9,158.9,0,7444,0
11-Dec-21,157.802,157.802,0,7358,0
12-Dec-21,158.182,158.182,0,7095,0
13-Dec-21,162.096,162.096,0,7449,0
14-Dec-21,164.72,164.72,0,7604,0
15-Dec-21,166.913,166.913,0,7644,0
16-Dec-21,166.863,166.863,0,7855,0
17-Dec-21,166.168,166.168,0,7973,0
18-Dec-21,163.312,163.312,0,7817,0
19-Dec-21,160.354,160.354,0,7172,0
20-Dec-21,165.721,165.721,0,7923,0
21-Dec-21,167.296,167.296,0,7935,0
22-Dec-21,169.091,169.091,0,8179,0
23-Dec-21,170.106,170.106,0,8196,0
24-Dec-21,172.432,172.432,0,8146,0
25-Dec-21,171.008,171.008,0,7851,0
26-Dec-21,167.438,167.438,0,7681,0
27-Dec-21,174.988,174.988,0,8115,0
28-Dec-21,178.52,178.52,0,8472,0
29-Dec-21,179,179,0,8598,0
30-Dec-21,174.629,174.629,0,8434,0
31-Dec-21,175.173,175.173,0,8708,0
1-Jan-22,170.279,170.279,0,8155,0
2-Jan-22,169.337,169.337,0,7644,0
3-Jan-22,176.248,176.248,0,8461,0
4-Jan-22,177.042,177.042,0,8533,0
5-Jan-22,179.004,179.004,0,8676,0
6-Jan-22,182.527,182.527,0,8812,0
7-Jan-22,182.842,182.842,0,8971,0
8-Jan-22,180.854,180.854,0,8854,0
9-Jan-22,181.62,181.62,0,8474,0
10-Jan-22,185.732,185.732,0,8734,0
11-Jan-22,188.469,188.469,0,8719,0
12-Jan-22,186.936,186.936,0,8534,0
13-Jan-22,175.402,175.402,0,8300,0
14-Jan-22,166.179,166.179,0,7949,0
15-Jan-22,157.263,157.263,0,7686,0
16-Jan-22,152.366,152.366,0,7005,0
17-Jan-22,163.611,163.611,0,7554,0
18-Jan-22,171.292,171.292,0,7832,0
19-Jan-22,174.549,174.549,0,7872,0
20-Jan-22,178.488,176.452,-2.036,7528,0
21-Jan-22,182.704,182.485,-0.219,8761,0
22-Jan-22,187.529,187.529,0,9185,0
23-Jan-22,186.397,186.397,0,8672,0
24-Jan-22,188.296,188.296,0,8884,0
25-Jan-22,189.602,189.602,0,9067,0
26-Jan-22,185.1,185.1,0,8782,0
27-Jan-22,184.012,184.012,0,8932,0
28-Jan-22,186.266,186.266,0,8650,0
29-Jan-22,186.524,186.524,0,8819,0
30-Jan-22,183.754,183.754,0,8630,0
31-Jan-22,187.793,187.793,0,8653,0
1-Feb-22,190.455,190.455,0,10095,0
2-Feb-22,193.296,193.296,0,9733,0
3-Feb-22,170.542,170.542,0,7575,0
4-Feb-22,171.694,171.694,0,7659,0
5-Feb-22,193.612,193.612,0,10896,0
6-Feb-22,199.216,199.216,0,11018,0
7-Feb-22,199.637,199.637,0,10161,0
8-Feb-22,199.145,199.145,0,9664,0
9-Feb-22,202.465,202.465,0,10074,0
10-Feb-22,200.863,200.863,0,9838,0
11-Feb-22,199.149,199.149,0,9661,0
12-Feb-22,190.424,190.424,0,9415,0
13-Feb-22,197.074,197.074,0,10698,0
14-Feb-22,193.833,193.833,0,8866,0
15-Feb-22,189.507,189.507,0,9200,0
16-Feb-22,202.56,202.56,0,10443,0
17-Feb-22,202.573,202.573,0,10774,0
18-Feb-22,203.497,203.497,0,10811,0
19-Feb-22,201.228,201.228,0,9994,0
20-Feb-22,199.677,199.677,0,10464,0
21-Feb-22,206.81,206.81,0,10770,0
22-Feb-22,206.991,206.991,0,9825,0
23-Feb-22,212.38,212.38,0,10859,0
24-Feb-22,212.513,212.513,0,10790,0
25-Feb-22,210.132,210.132,0,10880,0
26-Feb-22,210.04,210.04,0,10994,0
27-Feb-22,205.698,205.698,0,11043,0
28-Feb-22,208.6,208.6,0,10839,0
1-Mar-22,207.729,207.729,0,11058,0
2-Mar-22,207.327,207.327,0,10943,0
3-Mar-22,211.838,211.838,0,11098,0
4-Mar-22,209.823,209.823,0,10844,0
5-Mar-22,213.154,213.154,0,11093,0
6-Mar-22,210.961,210.961,0,11081,0
7-Mar-22,214.919,214.919,0,11212,0
8-Mar-22,219.771,219.771,0,11201,0
9-Mar-22,222.207,222.207,0,11391,0
10-Mar-22,224.693,224.693,0,11565,0
11-Mar-22,221.866,221.866,0,11309,0
12-Mar-22,215.606,215.606,0,10606,0
13-Mar-22,217.679,217.679,0,11300,0
14-Mar-22,222.718,222.718,0,11320,0
15-Mar-22,224.385,224.385,0,11580,0
16-Mar-22,225.603,225.603,0,11450,0
17-Mar-22,228.429,227.906,-0.523,11694,0
18-Mar-22,224.898,224.863,-0.035,11380,0
19-Mar-22,225.819,225.819,0,11051,0
20-Mar-22,221.836,221.836,0,11205,0
21-Mar-22,224.384,224.384,0,11442,0
22-Mar-22,217.083,217.083,0,10600,0
23-Mar-22,220.426,220.426,0,11035,0
24-Mar-22,226.445,226.445,0,11240,0
25-Mar-22,223.556,223.556,0,11325,0
26-Mar-22,228.428,228.428,0,11398,0
27-Mar-22,230.219,230.219,0,11431,0
28-Mar-22,233.404,233.404,0,11520,0
29-Mar-22,221.076,221.076,0,10648,0
30-Mar-22,215.213,215.213,0,10810,0
31-Mar-22,220.964,220.964,0,10788,0
1-Apr-22,234.147,234.147,0,11096,0
2-Apr-22,228.577,228.577,0,11380,0
3-Apr-22,213.952,213.952,0,10415,0
4-Apr-22,220.201,220.201,0,11272,0
5-Apr-22,218.173,218.173,0,8308,0
6-Apr-22,205.606,205.606,0,10848,0
7-Apr-22,212.756,212.756,0,11142,0
8-Apr-22,238.433,216.673,-21.76,12293,0
9-Apr-22,211.278,211.278,0,9871,0
10-Apr-22,207.053,207.053,0,10262,0
11-Apr-22,209.139,209.139,0,9790,0
12-Apr-22,208.275,208.275,0,9805,0
13-Apr-22,208.694,208.694,0,9908,0
14-Apr-22,212.814,212.814,0,9866,0
15-Apr-22,211.404,211.404,0,9719,0
16-Apr-22,210.472,210.472,0,9894,0
17-Apr-22,200.442,200.442,0,9037,0
18-Apr-22,203.275,203.275,0,9027,0
19-Apr-22,205.401,205.401,0,9175,0
20-Apr-22,201.673,201.673,0,9049,0
21-Apr-22,208.288,208.288,0,9401,0
22-Apr-22,209.035,209.035,0,9534,0
23-Apr-22,208.079,208.079,0,9038,0
24-Apr-22,207.624,206.192,-1.432,9564,0
25-Apr-22,211.622,210.574,-1.048,9478,0
26-Apr-22,212.593,209.664,-2.929,9597,0
27-Apr-22,216.986,214.277,-2.709,11317,0
28-Apr-22,216.573,215.533,-1.04,11488,0
1-May-22,207.221,207.221,0,10905,0
2-May-22,208.125,208.125,0,10724,0
3-May-22,203.764,203.764,0,10815,0
4-May-22,200.808,200.808,0,9711,0
5-May-22,200.44,200.44,0,10402,0
6-May-22,194.987,194.987,0,10468,0
7-May-22,194.213,194.213,0,9765,0
8-May-22,189.93,189.93,0,9711,0
9-May-22,186.973,186.973,0,9746,0
10-May-22,166.683,166.683,0,6574,0
11-May-22,151.431,151.431,0,7070,0
12-May-22,161.3,161.3,0,7452,0
13-May-22,172.866,172.866,0,8048,0
14-May-22,180.524,180.524,0,8461,0
15-May-22,187.467,187.467,0,8596,0
16-May-22,192.656,192.656,0,9238,0
17-May-22,195.266,195.266,0,9308,0
18-May-22,195.766,195.766,0,9040,0
19-May-22,192.17,192.17,0,8784,0
20-May-22,190.367,190.367,0,8652,0
21-May-22,193.186,193.186,0,8831,0
22-May-22,190.232,190.232,0,9025,0
23-May-22,207.114,207.114,0,9844,0
24-May-22,215.353,215.353,0,10520,0
25-May-22,197.701,192.359,-5.342,9702,0
26-May-22,210.671,210.048,-0.623,10520,0
27-May-22,205.195,205.195,0,9758,0
28-May-22,215.111,212.777,-2.334,10413,0
29-May-22,216.804,216.804,0,10486,0
30-May-22,222.808,222.214,-0.594,11218,0
31-May-22,224.081,222.855,-1.226,10952,0
1-Jun-22,225.299,223.765,-1.534,10954,0
2-Jun-22,229.615,229.615,0,11484,0
3-Jun-22,226.452,226.063,-0.389,11352,0
4-Jun-22,229.033,224.397,-4.636,11389,0
5-Jun-22,224.957,224.957,0,11371,0
6-Jun-22,184.913,184.318,-0.595,8509,0
7-Jun-22,201.964,201.964,0,9742,0
8-Jun-22,214.268,214.268,0,10249,0
9-Jun-22,223.448,223.448,0,10822,0
10-Jun-22,225.048,225.048,0,11079,0
11-Jun-22,221.151,221.151,0,11115,0
12-Jun-22,219.807,219.807,0,11124,0
13-Jun-22,214.945,214.945,0,10506,0
14-Jun-22,219.524,219.524,0,11145,0
15-Jun-22,205.88,205.88,0,9503,0
16-Jun-22,205.266,205.266,0,9960,0
17-Jun-22,200.928,200.928,0,9278,0
18-Jun-22,197.285,197.285,0,8972,0
19-Jun-22,191.404,191.404,0,8762,0
20-Jun-22,191.712,191.712,0,8820,0
21-Jun-22,188.045,188.045,0,8508,0
22-Jun-22,186.736,186.736,0,8764,0
23-Jun-22,189.864,189.864,0,8902,0
24-Jun-22,193.89,193.89,0,9007,0
25-Jun-22,189.398,189.398,0,8834,0
26-Jun-22,188.896,188.896,0,8871,0
27-Jun-22,191.512,191.512,0,9310,0
28-Jun-22,187.953,187.953,0,8903,0
29-Jun-22,194.796,194.796,0,9425,0
30-Jun-22,196.084,196.084,0,9285,0
1-Jul-22,193.138,193.138,0,9080,0
2-Jul-22,194.872,194.872,0,8907,0
3-Jul-22,187.982,187.982,0,8995,0
4-Jul-22,192.656,192.656,0,9008,0
5-Jul-22,191.059,191.059,0,9358,0
6-Jul-22,177.96,177.96,0,8128,0
7-Jul-22,180.579,180.579,0,8193,0
8-Jul-22,172.263,172.263,0,7758,0
9-Jul-22,162.754,162.754,0,7878,0
10-Jul-22,155.786,155.786,0,7195,0
11-Jul-22,163.211,163.211,0,7580,0
12-Jul-22,158.788,158.788,0,7317,0
13-Jul-22,166.299,166.299,0,7739,0
14-Jul-22,172.084,172.084,0,8102,0
15-Jul-22,183.08,183.08,0,8576,0
16-Jul-22,191.198,191.198,0,8984,0
17-Jul-22,183.471,183.471,0,8812,0
18-Jul-22,178.531,178.531,0,8386,0
19-Jul-22,188.924,187.454,-1.47,8883,0
20-Jul-22,198.561,198.561,0,9387,0
21-Jul-22,198.101,198.101,0,9288,0
22-Jul-22,190.145,190.145,0,8782,0
23-Jul-22,186.284,186.284,0,8657,0
24-Jul-22,184.281,184.281,0,8707,0
25-Jul-22,194.804,194.804,0,9352,0
26-Jul-22,185.693,185.073,-0.62,8351,0
27-Jul-22,187.42,186.72,-0.7,8586,0
28-Jul-22,192.991,192.991,0,9042,0
29-Jul-22,202.384,202.384,0,9763,0
30-Jul-22,203.747,203.747,0,9564,0
31-Jul-22,197.887,197.887,0,9393,0
1-Aug-22,196.276,196.276,0,9173,0
2-Aug-22,191.01,191.01,0,8924,0
3-Aug-22,185.22,185.22,0,8634,0
4-Aug-22,187.212,187.212,0,8451,0
5-Aug-22,182.977,182.977,0,8031,0
6-Aug-22,170.652,170.652,0,8064,0
7-Aug-22,168.034,168.034,0,7568,0
8-Aug-22,168.976,168.976,0,7848,0
9-Aug-22,170.741,170.741,0,7818,0
10-Aug-22,181.773,181.773,0,8137,0
11-Aug-22,187.884,187.884,0,8765,0
12-Aug-22,200.595,200.595,0,9430,0
13-Aug-22,200.138,200.138,0,9165,0
14-Aug-22,192.801,192.801,0,9389,0
15-Aug-22,191.747,191.747,0,9465,0
16-Aug-22,201.456,201.456,0,10129,0
17-Aug-22,209.617,209.617,0,10272,0
18-Aug-22,211.228,211.228,0,10215,0
19-Aug-22,208.201,208.201,0,10306,0
20-Aug-22,211.353,211.353,0,9947,0
21-Aug-22,214.767,214.767,0,10599,0
22-Aug-22,220.75,220.75,0,10813,0
23-Aug-22,228.82,228.82,0,11300,0
24-Aug-22,219.094,219.094,0,8608,0
25-Aug-22,208.283,208.283,0,10393,0
26-Aug-22,201.359,200.203,-1.156,9364,0
27-Aug-22,199.736,199.736,0,9547,0
28-Aug-22,191.531,191.531,0,8940,0
29-Aug-22,192.809,191.696,-1.113,8835,0
30-Aug-22,195.162,195.162,0,8923,0
31-Aug-22,195.759,195.759,0,9179,0
1-Sep-22,199.458,199.458,0,9602,0
2-Sep-22,198.26,198.26,0,9040,0
3-Sep-22,207.323,207.323,0,9773,0
4-Sep-22,205.882,205.882,0,10143,0
5-Sep-22,207.651,207.651,0,9885,0
6-Sep-22,205.518,205.518,0,9727,0
7-Sep-22,196.269,196.269,0,9117,0
8-Sep-22,180.461,180.461,0,8428,0
9-Sep-22,178.45,178.45,0,8357,0
10-Sep-22,170.945,170.945,0,7930,0
11-Sep-22,167.361,167.361,0,7619,0
12-Sep-22,180.337,180.337,0,8251,0
13-Sep-22,189.708,189.708,0,8604,0
14-Sep-22,195.494,195.494,0,9079,0
15-Sep-22,198.761,198.761,0,9264,0
16-Sep-22,203.789,203.789,0,9581,0
17-Sep-22,209.957,209.957,0,9785,0
18-Sep-22,209.381,209.381,0,8973,0
19-Sep-22,199.778,199.778,0,9521,0
20-Sep-22,201.709,201.709,0,9847,0
21-Sep-22,208.851,208.851,0,10354,0
22-Sep-22,210.346,210.346,0,10358,0
23-Sep-22,212.112,212.112,0,10384,0
24-Sep-22,217.17,217.17,0,10628,0
25-Sep-22,217.309,217.309,0,10920,0
26-Sep-22,210.529,210.529,0,10392,0
27-Sep-22,212.072,212.072,0,10370,0
28-Sep-22,209.186,209.186,0,10021,0
29-Sep-22,197.694,197.694,0,9218,0
30-Sep-22,186.736,186.736,0,8440,0
1-Oct-22,174.387,174.387,0,7863,0
2-Oct-22,172.807,172.807,0,7972,0
3-Oct-22,183.1,183.1,0,7492,0
4-Oct-22,186.145,186.145,0,8645,0
5-Oct-22,176.894,176.894,0,8670,0
6-Oct-22,167.275,167.275,0,7869,0
7-Oct-22,170.299,170.299,0,8128,0
8-Oct-22,171.204,171.204,0,8178,0
9-Oct-22,168.787,168.787,0,7859,0
10-Oct-22,166.303,166.303,0,8020,0
11-Oct-22,170.9,170.9,0,8166,0
12-Oct-22,175.839,175.839,0,8262,0
13-Oct-22,177.415,177.415,0,8306,0
14-Oct-22,173.981,173.981,0,8255,0
15-Oct-22,169.666,169.666,0,7978,0
16-Oct-22,167.932,167.932,0,7878,0
17-Oct-22,173.345,173.345,0,8189,0
18-Oct-22,178.702,178.702,0,8165,0
19-Oct-22,178.663,178.663,0,8204,0
20-Oct-22,178.151,178.151,0,8092,0
21-Oct-22,182.568,182.568,0,8225,0
22-Oct-22,177.855,177.855,0,8093,0
23-Oct-22,177.233,177.233,0,8377,0
24-Oct-22,171.539,171.539,0,8565,0
25-Oct-22,180.773,180.773,0,9121,0
26-Oct-22,189.676,189.676,0,9734,0
27-Oct-22,196.105,196.105,0,9747,0
28-Oct-22,193.088,193.088,0,9510,0
29-Oct-22,191.725,191.725,0,9257,0
30-Oct-22,188.393,188.393,0,9312,0
31-Oct-22,192.241,192.241,0,9728,0
1-Nov-22,179.687,179.687,0,8552,0
2-Nov-22,179.163,179.163,0,8398,0
3-Nov-22,181.49,181.49,0,8285,0
4-Nov-22,183.747,183.747,0,8593,0
5-Nov-22,187.485,187.485,0,8710,0
6-Nov-22,184.844,184.844,0,8996,0
7-Nov-22,188.478,188.478,0,9249,0
8-Nov-22,192.103,192.103,0,9588,0
9-Nov-22,192.103,192.103,0,9605,0
10-Nov-22,187.703,187.703,0,9321,0
11-Nov-22,185.557,185.557,0,9066,0
12-Nov-22,174.022,174.022,0,8164,0
13-Nov-22,176.914,176.914,0,8485,0
14-Nov-22,180.729,180.729,0,8703,0
15-Nov-22,181.577,181.577,0,8747,0
16-Nov-22,180.727,180.727,0,8840,0
17-Nov-22,184.254,184.254,0,9040,0
18-Nov-22,183.998,183.998,0,9227,0
19-Nov-22,183.857,183.857,0,9261,0
20-Nov-22,180.651,180.651,0,9476,0
21-Nov-22,175.932,175.932,0,8896,0
22-Nov-22,178.249,178.249,0,8964,0
23-Nov-22,174.408,174.408,0,8220,0
24-Nov-22,178.439,178.439,0,8376,0
25-Nov-22,181.657,181.657,0,8639,0
26-Nov-22,183.961,183.961,0,8790,0
27-Nov-22,181.18,181.18,0,9024,0
28-Nov-22,183.654,183.654,0,9088,0
29-Nov-22,184.314,184.314,0,9320,0
30-Nov-22,187.827,187.827,0,9504,0
1-Dec-22,191.102,191.102,0,9698,0
2-Dec-22,190.57,190.57,0,9792,0
3-Dec-22,193.419,193.419,0,9800,0
4-Dec-22,190.68,190.68,0,9714,0
5-Dec-22,193.448,193.448,0,9784,0
6-Dec-22,189.141,189.141,0,9762,0
7-Dec-22,182.936,182.936,0,9435,0
8-Dec-22,182.903,182.903,0,9400,0
9-Dec-22,169.856,169.856,0,8885,0
10-Dec-22,147.973,147.973,0,7327,0
11-Dec-22,147.162,147.162,0,7214,0
12-Dec-22,155.633,155.633,0,7672,0
13-Dec-22,159.37,159.37,0,7775,0
14-Dec-22,165.282,165.282,0,7955,0
15-Dec-22,166.569,166.569,0,7854,0
16-Dec-22,173.049,173.049,0,8002,0
17-Dec-22,176.253,176.253,0,8430,0
18-Dec-22,170.536,170.536,0,8599,0
19-Dec-22,173.602,173.602,0,8488,0
20-Dec-22,178.14,178.14,0,8990,0
21-Dec-22,181.194,181.194,0,9312,0
22-Dec-22,182.736,182.736,0,9452,0
23-Dec-22,182.342,182.342,0,9497,0
24-Dec-22,183.887,183.887,0,9660,0
25-Dec-22,175.601,175.601,0,9295,0
26-Dec-22,178.967,178.967,0,9082,0
27-Dec-22,186.764,186.764,0,9402,0
28-Dec-22,192.365,192.365,0,9873,0
29-Dec-22,198.161,198.161,0,10040,0
30-Dec-22,200.159,200.159,0,10052,0
31-Dec-22,199.527,199.527,0,10268,0
1-Jan-23,190.392,190.392,0,10432,0
2-Jan-23,195.232,195.232,0,10244,0
3-Jan-23,198,198,0,10475,0
4-Jan-23,197.724,197.724,0,10629,0
5-Jan-23,196.798,196.798,0,10593,0
6-Jan-23,197.021,197.021,0,10527,0
7-Jan-23,196.334,196.334,0,10383,0
8-Jan-23,188.911,188.911,0,10254,0
9-Jan-23,189.521,189.521,0,10369,0
10-Jan-23,194.868,194.868,0,10630,0
11-Jan-23,195.95,195.95,0,10889,0
12-Jan-23,198.749,198.749,0,11028,0
13-Jan-23,199.384,199.384,0,11000,0
14-Jan-23,192.035,192.035,0,11037,0
15-Jan-23,181.054,181.054,0,10774,0
16-Jan-23,178.914,178.914,0,10150,0
17-Jan-23,187.419,187.419,0,10562,0
18-Jan-23,195.544,195.544,0,10940,0
19-Jan-23,199.964,199.964,0,11104,0
20-Jan-23,201.676,201.676,0,11114,0
21-Jan-23,201.657,201.657,0,10925,0
22-Jan-23,200.05,200.05,0,11158,0
23-Jan-23,200.538,200.538,0,11081,0
24-Jan-23,203.903,203.903,0,11119,0
25-Jan-23,203.001,203.001,0,8202,0
26-Jan-23,201.513,201.513,0,11206,0
27-Jan-23,203.797,203.797,0,11229,0
28-Jan-23,204.912,204.912,0,11279,0
29-Jan-23,204.234,204.234,0,11433,0
30-Jan-23,207.767,207.767,0,11391,0
31-Jan-23,210.199,210.199,0,11316,0
1-Feb-23,207.712,207.712,0,11340,0
2-Feb-23,209.769,209.769,0,11327,0
3-Feb-23,211.722,211.722,0,11535,0
4-Feb-23,211.761,211.761,0,11429,0
5-Feb-23,207.655,207.655,0,11403,0
6-Feb-23,213.374,213.374,0,11525,0
7-Feb-23,216.879,216.879,0,11722,0
8-Feb-23,218.648,218.648,0,11750,0
9-Feb-23,219.314,219.314,0,11696,0
10-Feb-23,219.265,219.265,0,11550,0
11-Feb-23,216.385,216.385,0,10724,0
12-Feb-23,218.31,218.31,0,11514,0
13-Feb-23,219.532,219.532,0,11603,0
14-Feb-23,222.658,222.658,0,11710,0
15-Feb-23,221.857,221.857,0,11662,0
16-Feb-23,221.462,221.462,0,11555,0
17-Feb-23,224.968,224.968,0,11549,0
18-Feb-23,222.45,222.45,0,11825,0
19-Feb-23,217.207,217.207,0,11498,0
20-Feb-23,223.811,223.811,0,11809,0
21-Feb-23,227.452,227.452,0,11748,0
22-Feb-23,227.769,227.769,0,11960,0
23-Feb-23,227.813,227.813,0,11748,0
24-Feb-23,230.927,230.927,0,11811,0
25-Feb-23,230.976,230.976,0,11833,0
26-Feb-23,225.538,225.538,0,11660,0
27-Feb-23,229.406,229.406,0,11980,0
28-Feb-23,229.801,229.801,0,11805,0
1-Mar-23,226.683,226.683,0,11735,0
2-Mar-23,225.132,225.132,0,11520,0
3-Mar-23,228.119,228.119,0,11756,0
4-Mar-23,227.94,227.94,0,11532,0
5-Mar-23,223.329,223.329,0,11484,0
6-Mar-23,229.392,229.392,0,11967,0
7-Mar-23,230.771,230.771,0,11835,0
8-Mar-23,221.699,221.699,0,11421,0
9-Mar-23,223.335,223.335,0,11514,0
10-Mar-23,225.656,225.656,0,11593,0
11-Mar-23,222.195,222.195,0,10886,0
12-Mar-23,222.697,222.697,0,9579,0
13-Mar-23,228.068,228.068,0,12029,0
14-Mar-23,231.338,231.338,0,12181,0
15-Mar-23,232.726,232.726,0,12065,0
16-Mar-23,229.955,229.955,0,12056,0
17-Mar-23,196.106,196.106,0,9491,0
18-Mar-23,189.675,189.675,0,9466,0
19-Mar-23,166.977,166.977,0,7997,0
20-Mar-23,182.93,182.93,0,8540,0
21-Mar-23,194.048,194.048,0,9060,0
22-Mar-23,197.094,197.094,0,9363,0
23-Mar-23,199.158,199.158,0,9633,0
24-Mar-23,207.773,207.773,0,10116,0
25-Mar-23,211.358,211.358,0,10342,0
26-Mar-23,209.992,209.992,0,10197,0
27-Mar-23,218.322,218.322,0,10643,0
28-Mar-23,224.839,224.839,0,11054,0
29-Mar-23,228.867,228.867,0,11257,0
30-Mar-23,229.08,229.08,0,11547,0
31-Mar-23,225.92,225.92,0,11237,0
1-Apr-23,219.977,219.977,0,10979,0
2-Apr-23,211.149,211.149,0,10824,0
3-Apr-23,218.772,218.772,0,10838,0
4-Apr-23,224.814,224.814,0,11076,0
5-Apr-23,227.107,227.107,0,11451,0
6-Apr-23,232.77,232.77,0,11520,0
7-Apr-23,233.186,233.186,0,11668,0
8-Apr-23,231.058,231.058,0,11358,0
9-Apr-23,226.948,226.948,0,11177,0
10-Apr-23,232.264,232.264,0,11638,0
11-Apr-23,236.05,236.05,0,11823,0
12-Apr-23,240.808,240.808,0,11928,0
13-Apr-23,243.762,243.762,0,12231,0
14-Apr-23,245.632,245.632,0,12494,0
15-Apr-23,241.099,241.099,0,11978,0
16-Apr-23,242.257,242.257,0,11925,0
17-Apr-23,244.391,244.391,0,12093,0
18-Apr-23,246.373,246.373,0,12020,0
19-Apr-23,246.494,246.494,0,12133,0
20-Apr-23,247.822,247.822,0,12318,0
21-Apr-23,241.292,241.292,0,12074,0
22-Apr-23,228.656,228.656,0,11322,0
23-Apr-23,211.21,211.21,0,10038,0
24-Apr-23,220.179,220.179,0,10745,0
25-Apr-23,228.345,228.345,0,11106,0
26-Apr-23,227.058,227.058,0,10894,0
27-Apr-23,232.662,232.662,0,11505,0
28-Apr-23,234.339,234.339,0,11489,0
29-Apr-23,222.677,222.677,0,11464,0
30-Apr-23,210.562,210.562,0,10264,0
1-May-23,176.121,176.121,0,8135,0
2-May-23,183.185,183.185,0,8546,0
3-May-23,188.591,188.591,0,8654,0
4-May-23,193,193,0,8999,0
5-May-23,193.201,193.201,0,8846,0
6-May-23,194.805,194.805,0,8924,0
7-May-23,190.277,190.277,0,8949,0
8-May-23,200.703,200.703,0,9666,0
9-May-23,209.127,209.127,0,9754,0
10-May-23,218.349,218.349,0,10171,0
11-May-23,219.604,219.604,0,10496,0
12-May-23,224.523,224.523,0,10722,0
13-May-23,224.03,224.03,0,11081,0
14-May-23,226.349,226.349,0,10653,0
